Year,concept.REF_AREA,concept.SEX,Value
2007,,,35.0
2008,,,31.7
2009,,,31.7
2010,,,33.7
2011,,,36.8
2012,,,38.0
2013,,,37.0
2014,,,30.6
2015,,,32.1
2016,,,25.4
2017,,,25.6
2018,,,22.4
2007,,CL_SEX.M,34.7
2008,,CL_SEX.M,31.4
2009,,CL_SEX.M,30.7
2010,,CL_SEX.M,32.7
2011,,CL_SEX.M,36.1
2012,,CL_SEX.M,37.2
2013,,CL_SEX.M,36.5
2014,,CL_SEX.M,29.7
2015,,CL_SEX.M,31.5
2016,,CL_SEX.M,25.0
2017,,CL_SEX.M,25.0
2018,,CL_SEX.M,22.5
2007,,CL_SEX.F,35.4
2008,,CL_SEX.F,32.1
2009,,CL_SEX.F,32.9
2010,,CL_SEX.F,34.8
2011,,CL_SEX.F,37.6
2012,,CL_SEX.F,39.0
2013,,CL_SEX.F,37.5
2014,,CL_SEX.F,31.5
2015,,CL_SEX.F,32.7
2016,,CL_SEX.F,25.7
2017,,CL_SEX.F,26.3
2018,,CL_SEX.F,22.2
2007,CL_AREA.KG05,,40.40248
2008,CL_AREA.KG05,,20.74156
2009,CL_AREA.KG05,,31.472533000000002
2010,CL_AREA.KG05,,33.595652
2011,CL_AREA.KG05,,35.637925
2012,CL_AREA.KG05,,34.235279999999996
2013,CL_AREA.KG05,,53.85581
2014,CL_AREA.KG05,,40.719691999999995
2015,CL_AREA.KG05,,41.156483
2016,CL_AREA.KG05,,37.049867
2017,CL_AREA.KG05,,40.51893
2018,CL_AREA.KG05,,33.773947
2007,CL_AREA.KG05,CL_SEX.M,41.298196999999995
2008,CL_AREA.KG05,CL_SEX.M,22.400607
2009,CL_AREA.KG05,CL_SEX.M,31.273921
2010,CL_AREA.KG05,CL_SEX.M,31.928278000000002
2011,CL_AREA.KG05,CL_SEX.M,34.181401
2012,CL_AREA.KG05,CL_SEX.M,34.639723
2013,CL_AREA.KG05,CL_SEX.M,53.627067000000004
2014,CL_AREA.KG05,CL_SEX.M,39.011010999999996
2015,CL_AREA.KG05,CL_SEX.M,40.926454
2016,CL_AREA.KG05,CL_SEX.M,36.116547
2017,CL_AREA.KG05,CL_SEX.M,39.60454
2018,CL_AREA.KG05,CL_SEX.M,33.671054
2007,CL_AREA.KG05,CL_SEX.F,39.381264
2008,CL_AREA.KG05,CL_SEX.F,18.757343
2009,CL_AREA.KG05,CL_SEX.F,31.703884999999996
2010,CL_AREA.KG05,CL_SEX.F,35.557934
2011,CL_AREA.KG05,CL_SEX.F,37.347648
2012,CL_AREA.KG05,CL_SEX.F,33.764476
2013,CL_AREA.KG05,CL_SEX.F,54.087839
2014,CL_AREA.KG05,CL_SEX.F,42.448702000000004
2015,CL_AREA.KG05,CL_SEX.F,41.395882
2016,CL_AREA.KG05,CL_SEX.F,38.033369
2017,CL_AREA.KG05,CL_SEX.F,41.521176000000004
2018,CL_AREA.KG05,CL_SEX.F,33.888979
2007,CL_AREA.KG03,,53.037853000000005
2008,CL_AREA.KG03,,40.086271
2009,CL_AREA.KG03,,36.873144
2010,CL_AREA.KG03,,44.705496000000004
2011,CL_AREA.KG03,,45.290428000000006
2012,CL_AREA.KG03,,55.65783100000001
2013,CL_AREA.KG03,,46.412538
2014,CL_AREA.KG03,,46.435379
2015,CL_AREA.KG03,,45.092335
2016,CL_AREA.KG03,,32.247345
2017,CL_AREA.KG03,,32.58065
2018,CL_AREA.KG03,,32.21518
2007,CL_AREA.KG03,CL_SEX.M,51.581913
2008,CL_AREA.KG03,CL_SEX.M,37.898731
2009,CL_AREA.KG03,CL_SEX.M,33.475027000000004
2010,CL_AREA.KG03,CL_SEX.M,43.666948
2011,CL_AREA.KG03,CL_SEX.M,43.691714000000005
2012,CL_AREA.KG03,CL_SEX.M,55.271781999999995
2013,CL_AREA.KG03,CL_SEX.M,47.356836
2014,CL_AREA.KG03,CL_SEX.M,47.010505
2015,CL_AREA.KG03,CL_SEX.M,45.246248
2016,CL_AREA.KG03,CL_SEX.M,33.070935
2017,CL_AREA.KG03,CL_SEX.M,33.991288
2018,CL_AREA.KG03,CL_SEX.M,33.427506
2007,CL_AREA.KG03,CL_SEX.F,54.569086
2008,CL_AREA.KG03,CL_SEX.F,42.427935999999995
2009,CL_AREA.KG03,CL_SEX.F,40.528056
2010,CL_AREA.KG03,CL_SEX.F,45.762935999999996
2011,CL_AREA.KG03,CL_SEX.F,46.925946
2012,CL_AREA.KG03,CL_SEX.F,56.050613
2013,CL_AREA.KG03,CL_SEX.F,45.459524
2014,CL_AREA.KG03,CL_SEX.F,45.842338
2015,CL_AREA.KG03,CL_SEX.F,44.933484
2016,CL_AREA.KG03,CL_SEX.F,31.382458000000003
2017,CL_AREA.KG03,CL_SEX.F,31.110381
2018,CL_AREA.KG03,CL_SEX.F,30.924895000000003
2007,CL_AREA.KG02,,38.587156
2008,CL_AREA.KG02,,52.243736
2009,CL_AREA.KG02,,46.090374
2010,CL_AREA.KG02,,38.013539
2011,CL_AREA.KG02,,29.522755
2012,CL_AREA.KG02,,28.137634999999996
2013,CL_AREA.KG02,,39.477990000000005
2014,CL_AREA.KG02,,26.014325
2015,CL_AREA.KG02,,28.892638
2016,CL_AREA.KG02,,24.744553
2017,CL_AREA.KG02,,24.170329000000002
2018,CL_AREA.KG02,,21.529510000000002
2007,CL_AREA.KG02,CL_SEX.M,38.684594
2008,CL_AREA.KG02,CL_SEX.M,52.152947
2009,CL_AREA.KG02,CL_SEX.M,47.889059
2010,CL_AREA.KG02,CL_SEX.M,36.910699
2011,CL_AREA.KG02,CL_SEX.M,31.115103
2012,CL_AREA.KG02,CL_SEX.M,28.242618
2013,CL_AREA.KG02,CL_SEX.M,40.426190000000005
2014,CL_AREA.KG02,CL_SEX.M,26.354813
2015,CL_AREA.KG02,CL_SEX.M,29.078559999999996
2016,CL_AREA.KG02,CL_SEX.M,24.749642
2017,CL_AREA.KG02,CL_SEX.M,24.266813
2018,CL_AREA.KG02,CL_SEX.M,21.495641
2007,CL_AREA.KG02,CL_SEX.F,38.498843
2008,CL_AREA.KG02,CL_SEX.F,52.32036
2009,CL_AREA.KG02,CL_SEX.F,44.51291
2010,CL_AREA.KG02,CL_SEX.F,39.006289
2011,CL_AREA.KG02,CL_SEX.F,28.112246999999996
2012,CL_AREA.KG02,CL_SEX.F,28.021324
2013,CL_AREA.KG02,CL_SEX.F,38.474804
2014,CL_AREA.KG02,CL_SEX.F,25.663079
2015,CL_AREA.KG02,CL_SEX.F,28.701454
2016,CL_AREA.KG02,CL_SEX.F,24.739204
2017,CL_AREA.KG02,CL_SEX.F,24.067407
2018,CL_AREA.KG02,CL_SEX.F,21.566132
2007,CL_AREA.KG04,,45.182679
2008,CL_AREA.KG04,,42.730284000000005
2009,CL_AREA.KG04,,44.11792
2010,CL_AREA.KG04,,53.531335
2011,CL_AREA.KG04,,49.925098
2012,CL_AREA.KG04,,39.932299
2013,CL_AREA.KG04,,43.754395
2014,CL_AREA.KG04,,30.560927000000003
2015,CL_AREA.KG04,,38.007028999999996
2016,CL_AREA.KG04,,37.798212
2017,CL_AREA.KG04,,29.21834
2018,CL_AREA.KG04,,30.596328000000003
2007,CL_AREA.KG04,CL_SEX.M,46.868159000000006
2008,CL_AREA.KG04,CL_SEX.M,42.698865999999995
2009,CL_AREA.KG04,CL_SEX.M,44.838863
2010,CL_AREA.KG04,CL_SEX.M,53.397509
2011,CL_AREA.KG04,CL_SEX.M,48.269824
2012,CL_AREA.KG04,CL_SEX.M,37.664069
2013,CL_AREA.KG04,CL_SEX.M,44.781415
2014,CL_AREA.KG04,CL_SEX.M,32.369301
2015,CL_AREA.KG04,CL_SEX.M,39.504744
2016,CL_AREA.KG04,CL_SEX.M,39.601890999999995
2017,CL_AREA.KG04,CL_SEX.M,31.189138
2018,CL_AREA.KG04,CL_SEX.M,31.5949
2007,CL_AREA.KG04,CL_SEX.F,43.678265
2008,CL_AREA.KG04,CL_SEX.F,42.757725
2009,CL_AREA.KG04,CL_SEX.F,43.496308
2010,CL_AREA.KG04,CL_SEX.F,53.67666800000001
2011,CL_AREA.KG04,CL_SEX.F,51.728537
2012,CL_AREA.KG04,CL_SEX.F,42.395906
2013,CL_AREA.KG04,CL_SEX.F,42.671843
2014,CL_AREA.KG04,CL_SEX.F,28.643083
2015,CL_AREA.KG04,CL_SEX.F,36.407725
2016,CL_AREA.KG04,CL_SEX.F,35.859946
2017,CL_AREA.KG04,CL_SEX.F,27.069803999999998
2018,CL_AREA.KG04,CL_SEX.F,29.460632
2007,CL_AREA.KG06,,46.591609999999996
2008,CL_AREA.KG06,,37.452826
2009,CL_AREA.KG06,,38.292035999999996
2010,CL_AREA.KG06,,41.897118
2011,CL_AREA.KG06,,44.680774
2012,CL_AREA.KG06,,51.433698
2013,CL_AREA.KG06,,43.409369
2014,CL_AREA.KG06,,31.740140000000004
2015,CL_AREA.KG06,,28.944511
2016,CL_AREA.KG06,,22.024663
2017,CL_AREA.KG06,,14.267617000000001
2018,CL_AREA.KG06,,14.778620000000002
2007,CL_AREA.KG06,CL_SEX.M,48.708186
2008,CL_AREA.KG06,CL_SEX.M,37.931554
2009,CL_AREA.KG06,CL_SEX.M,38.334635999999996
2010,CL_AREA.KG06,CL_SEX.M,40.639753999999996
2011,CL_AREA.KG06,CL_SEX.M,44.169695000000004
2012,CL_AREA.KG06,CL_SEX.M,50.553916
2013,CL_AREA.KG06,CL_SEX.M,42.660819000000004
2014,CL_AREA.KG06,CL_SEX.M,30.494417
2015,CL_AREA.KG06,CL_SEX.M,28.438703000000004
2016,CL_AREA.KG06,CL_SEX.M,21.810872
2017,CL_AREA.KG06,CL_SEX.M,12.948414999999999
2018,CL_AREA.KG06,CL_SEX.M,15.25625
2007,CL_AREA.KG06,CL_SEX.F,44.295394
2008,CL_AREA.KG06,CL_SEX.F,36.913059999999994
2009,CL_AREA.KG06,CL_SEX.F,38.245332
2010,CL_AREA.KG06,CL_SEX.F,43.246261
2011,CL_AREA.KG06,CL_SEX.F,45.24075
2012,CL_AREA.KG06,CL_SEX.F,52.41883
2013,CL_AREA.KG06,CL_SEX.F,44.228326
2014,CL_AREA.KG06,CL_SEX.F,33.102942
2015,CL_AREA.KG06,CL_SEX.F,29.48951
2016,CL_AREA.KG06,CL_SEX.F,22.264453
2017,CL_AREA.KG06,CL_SEX.F,15.723495000000002
2018,CL_AREA.KG06,CL_SEX.F,14.253422
2007,CL_AREA.KG07,,35.259053
2008,CL_AREA.KG07,,42.972122999999996
2009,CL_AREA.KG07,,33.003964
2010,CL_AREA.KG07,,42.338833
2011,CL_AREA.KG07,,50.172706
2012,CL_AREA.KG07,,39.57478
2013,CL_AREA.KG07,,23.057182
2014,CL_AREA.KG07,,19.048344
2015,CL_AREA.KG07,,21.481514
2016,CL_AREA.KG07,,18.115851
2017,CL_AREA.KG07,,20.679703
2018,CL_AREA.KG07,,22.085933999999998
2007,CL_AREA.KG07,CL_SEX.M,35.524401
2008,CL_AREA.KG07,CL_SEX.M,45.403420000000004
2009,CL_AREA.KG07,CL_SEX.M,35.673722
2010,CL_AREA.KG07,CL_SEX.M,44.324841
2011,CL_AREA.KG07,CL_SEX.M,51.365666999999995
2012,CL_AREA.KG07,CL_SEX.M,42.155403
2013,CL_AREA.KG07,CL_SEX.M,23.320678
2014,CL_AREA.KG07,CL_SEX.M,19.717988000000002
2015,CL_AREA.KG07,CL_SEX.M,22.565255
2016,CL_AREA.KG07,CL_SEX.M,19.131642000000003
2017,CL_AREA.KG07,CL_SEX.M,21.405379999999997
2018,CL_AREA.KG07,CL_SEX.M,23.802663
2007,CL_AREA.KG07,CL_SEX.F,34.937965999999996
2008,CL_AREA.KG07,CL_SEX.F,40.025341999999995
2009,CL_AREA.KG07,CL_SEX.F,29.757565000000003
2010,CL_AREA.KG07,CL_SEX.F,40.090317999999996
2011,CL_AREA.KG07,CL_SEX.F,48.834977
2012,CL_AREA.KG07,CL_SEX.F,36.737398999999996
2013,CL_AREA.KG07,CL_SEX.F,22.797196
2014,CL_AREA.KG07,CL_SEX.F,18.38895
2015,CL_AREA.KG07,CL_SEX.F,20.402521
2016,CL_AREA.KG07,CL_SEX.F,17.094741
2017,CL_AREA.KG07,CL_SEX.F,19.940922
2018,CL_AREA.KG07,CL_SEX.F,20.340712
2007,CL_AREA.KG08,,14.980994
2008,CL_AREA.KG08,,15.782631
2009,CL_AREA.KG08,,21.239380999999998
2010,CL_AREA.KG08,,21.868453
2011,CL_AREA.KG08,,28.620908
2012,CL_AREA.KG08,,16.571766
2013,CL_AREA.KG08,,23.615399
2014,CL_AREA.KG08,,21.576154000000002
2015,CL_AREA.KG08,,24.813851
2016,CL_AREA.KG08,,30.306457
2017,CL_AREA.KG08,,33.300588
2018,CL_AREA.KG08,,15.569903
2007,CL_AREA.KG08,CL_SEX.M,13.323177
2008,CL_AREA.KG08,CL_SEX.M,14.947409
2009,CL_AREA.KG08,CL_SEX.M,20.612282999999998
2010,CL_AREA.KG08,CL_SEX.M,21.810234
2011,CL_AREA.KG08,CL_SEX.M,31.580794
2012,CL_AREA.KG08,CL_SEX.M,16.336951000000003
2013,CL_AREA.KG08,CL_SEX.M,23.536875
2014,CL_AREA.KG08,CL_SEX.M,20.781079000000002
2015,CL_AREA.KG08,CL_SEX.M,24.231370000000002
2016,CL_AREA.KG08,CL_SEX.M,29.796796
2017,CL_AREA.KG08,CL_SEX.M,32.33125
2018,CL_AREA.KG08,CL_SEX.M,15.460809
2007,CL_AREA.KG08,CL_SEX.F,16.816017000000002
2008,CL_AREA.KG08,CL_SEX.F,16.656433
2009,CL_AREA.KG08,CL_SEX.F,21.936014
2010,CL_AREA.KG08,CL_SEX.F,21.932251
2011,CL_AREA.KG08,CL_SEX.F,25.292385999999997
2012,CL_AREA.KG08,CL_SEX.F,16.835987
2013,CL_AREA.KG08,CL_SEX.F,23.697958
2014,CL_AREA.KG08,CL_SEX.F,22.438097
2015,CL_AREA.KG08,CL_SEX.F,25.448532
2016,CL_AREA.KG08,CL_SEX.F,30.862157
2017,CL_AREA.KG08,CL_SEX.F,34.357578000000004
2018,CL_AREA.KG08,CL_SEX.F,15.688804999999999
2007,CL_AREA.KG11,,5.005041
2008,CL_AREA.KG11,,15.199876999999999
2009,CL_AREA.KG11,,13.244359
2010,CL_AREA.KG11,,7.89363
2011,CL_AREA.KG11,,18.412319
2012,CL_AREA.KG11,,21.394253
2013,CL_AREA.KG11,,20.374195
2014,CL_AREA.KG11,,17.559795
2015,CL_AREA.KG11,,23.541813
2016,CL_AREA.KG11,,9.78144
2017,CL_AREA.KG11,,15.895976999999998
2018,CL_AREA.KG11,,15.431849
2007,CL_AREA.KG11,CL_SEX.M,4.99107
2008,CL_AREA.KG11,CL_SEX.M,14.580407999999998
2009,CL_AREA.KG11,CL_SEX.M,12.694536
2010,CL_AREA.KG11,CL_SEX.M,7.30227
2011,CL_AREA.KG11,CL_SEX.M,17.126273
2012,CL_AREA.KG11,CL_SEX.M,19.902241
2013,CL_AREA.KG11,CL_SEX.M,18.389802
2014,CL_AREA.KG11,CL_SEX.M,15.756847
2015,CL_AREA.KG11,CL_SEX.M,22.249204000000002
2016,CL_AREA.KG11,CL_SEX.M,8.899379
2017,CL_AREA.KG11,CL_SEX.M,14.320885
2018,CL_AREA.KG11,CL_SEX.M,14.746660999999998
2007,CL_AREA.KG11,CL_SEX.F,5.022346
2008,CL_AREA.KG11,CL_SEX.F,15.989713
2009,CL_AREA.KG11,CL_SEX.F,13.950363000000001
2010,CL_AREA.KG11,CL_SEX.F,8.654214999999999
2011,CL_AREA.KG11,CL_SEX.F,20.038087
2012,CL_AREA.KG11,CL_SEX.F,23.294373999999998
2013,CL_AREA.KG11,CL_SEX.F,22.845597
2014,CL_AREA.KG11,CL_SEX.F,19.854368
2015,CL_AREA.KG11,CL_SEX.F,25.206391
2016,CL_AREA.KG11,CL_SEX.F,10.893361
2017,CL_AREA.KG11,CL_SEX.F,17.858219000000002
2018,CL_AREA.KG11,CL_SEX.F,16.325681
2007,CL_AREA.KG21,,0.0
2008,CL_AREA.KG21,,0.0
2009,CL_AREA.KG21,,0.0
2010,CL_AREA.KG21,,0.0
2011,CL_AREA.KG21,,0.0
2012,CL_AREA.KG21,,0.0
2013,CL_AREA.KG21,,40.875893
2014,CL_AREA.KG21,,33.421786
2015,CL_AREA.KG21,,38.278868
2016,CL_AREA.KG21,,24.599439999999998
2017,CL_AREA.KG21,,33.489021
2018,CL_AREA.KG21,,35.470048
2007,CL_AREA.KG21,CL_SEX.M,0.0
2008,CL_AREA.KG21,CL_SEX.M,0.0
2009,CL_AREA.KG21,CL_SEX.M,0.0
2010,CL_AREA.KG21,CL_SEX.M,0.0
2011,CL_AREA.KG21,CL_SEX.M,0.0
2012,CL_AREA.KG21,CL_SEX.M,0.0
2013,CL_AREA.KG21,CL_SEX.M,40.214977000000005
2014,CL_AREA.KG21,CL_SEX.M,31.961883
2015,CL_AREA.KG21,CL_SEX.M,35.847234
2016,CL_AREA.KG21,CL_SEX.M,23.187148999999998
2017,CL_AREA.KG21,CL_SEX.M,30.888271000000003
2018,CL_AREA.KG21,CL_SEX.M,33.89696
2007,CL_AREA.KG21,CL_SEX.F,0.0
2008,CL_AREA.KG21,CL_SEX.F,0.0
2009,CL_AREA.KG21,CL_SEX.F,0.0
2010,CL_AREA.KG21,CL_SEX.F,0.0
2011,CL_AREA.KG21,CL_SEX.F,0.0
2012,CL_AREA.KG21,CL_SEX.F,0.0
2013,CL_AREA.KG21,CL_SEX.F,41.620642
2014,CL_AREA.KG21,CL_SEX.F,35.041318
2015,CL_AREA.KG21,CL_SEX.F,41.029123
2016,CL_AREA.KG21,CL_SEX.F,26.170219
2017,CL_AREA.KG21,CL_SEX.F,36.383303000000005
2018,CL_AREA.KG21,CL_SEX.F,37.27373
