Year,concept.REF_AREA,Units,Value
2010,,CL_UNIT_MEASURE.PER_100000_POP,13.3
2011,,CL_UNIT_MEASURE.PER_100000_POP,6.3
2012,,CL_UNIT_MEASURE.PER_100000_POP,5.4
2013,,CL_UNIT_MEASURE.PER_100000_POP,3.7
2014,,CL_UNIT_MEASURE.PER_100000_POP,3.9
2015,,CL_UNIT_MEASURE.PER_100000_POP,3.5
2016,,CL_UNIT_MEASURE.PER_100000_POP,2.8
2017,,CL_UNIT_MEASURE.PER_100000_POP,3.0
2018,,CL_UNIT_MEASURE.PER_100000_POP,2.2
2010,,CL_UNIT_MEASURE.NUMBER,722.0
2011,,CL_UNIT_MEASURE.NUMBER,344.0
2012,,CL_UNIT_MEASURE.NUMBER,298.0
2013,,CL_UNIT_MEASURE.NUMBER,212.0
2014,,CL_UNIT_MEASURE.NUMBER,223.0
2015,,CL_UNIT_MEASURE.NUMBER,205.0
2016,,CL_UNIT_MEASURE.NUMBER,170.0
2017,,CL_UNIT_MEASURE.NUMBER,185.0
2018,,CL_UNIT_MEASURE.NUMBER,135.0
2010,CL_AREA.KG05,CL_UNIT_MEASURE.PER_100000_POP,3.2
2011,CL_AREA.KG05,CL_UNIT_MEASURE.PER_100000_POP,2.0
2012,CL_AREA.KG05,CL_UNIT_MEASURE.PER_100000_POP,2.0
2013,CL_AREA.KG05,CL_UNIT_MEASURE.PER_100000_POP,2.7
2014,CL_AREA.KG05,CL_UNIT_MEASURE.PER_100000_POP,1.5
2015,CL_AREA.KG05,CL_UNIT_MEASURE.PER_100000_POP,1.2
2016,CL_AREA.KG05,CL_UNIT_MEASURE.PER_100000_POP,1.4
2017,CL_AREA.KG05,CL_UNIT_MEASURE.PER_100000_POP,1.2
2018,CL_AREA.KG05,CL_UNIT_MEASURE.PER_100000_POP,1.1
2010,CL_AREA.KG05,CL_UNIT_MEASURE.NUMBER,14.0
2011,CL_AREA.KG05,CL_UNIT_MEASURE.NUMBER,9.0
2012,CL_AREA.KG05,CL_UNIT_MEASURE.NUMBER,9.0
2013,CL_AREA.KG05,CL_UNIT_MEASURE.NUMBER,13.0
2014,CL_AREA.KG05,CL_UNIT_MEASURE.NUMBER,7.0
2015,CL_AREA.KG05,CL_UNIT_MEASURE.NUMBER,6.0
2016,CL_AREA.KG05,CL_UNIT_MEASURE.NUMBER,7.0
2017,CL_AREA.KG05,CL_UNIT_MEASURE.NUMBER,6.0
2018,CL_AREA.KG05,CL_UNIT_MEASURE.NUMBER,6.0
2010,CL_AREA.KG03,CL_UNIT_MEASURE.PER_100000_POP,6.6
2011,CL_AREA.KG03,CL_UNIT_MEASURE.PER_100000_POP,3.8
2012,CL_AREA.KG03,CL_UNIT_MEASURE.PER_100000_POP,3.9
2013,CL_AREA.KG03,CL_UNIT_MEASURE.PER_100000_POP,2.5
2014,CL_AREA.KG03,CL_UNIT_MEASURE.PER_100000_POP,2.7
2015,CL_AREA.KG03,CL_UNIT_MEASURE.PER_100000_POP,2.4
2016,CL_AREA.KG03,CL_UNIT_MEASURE.PER_100000_POP,2.0
2017,CL_AREA.KG03,CL_UNIT_MEASURE.PER_100000_POP,1.6
2018,CL_AREA.KG03,CL_UNIT_MEASURE.PER_100000_POP,1.2
2010,CL_AREA.KG03,CL_UNIT_MEASURE.NUMBER,68.0
2011,CL_AREA.KG03,CL_UNIT_MEASURE.NUMBER,40.0
2012,CL_AREA.KG03,CL_UNIT_MEASURE.NUMBER,42.0
2013,CL_AREA.KG03,CL_UNIT_MEASURE.NUMBER,28.0
2014,CL_AREA.KG03,CL_UNIT_MEASURE.NUMBER,30.0
2015,CL_AREA.KG03,CL_UNIT_MEASURE.NUMBER,28.0
2016,CL_AREA.KG03,CL_UNIT_MEASURE.NUMBER,23.0
2017,CL_AREA.KG03,CL_UNIT_MEASURE.NUMBER,19.0
2018,CL_AREA.KG03,CL_UNIT_MEASURE.NUMBER,14.0
2010,CL_AREA.KG02,CL_UNIT_MEASURE.PER_100000_POP,5.2
2011,CL_AREA.KG02,CL_UNIT_MEASURE.PER_100000_POP,7.8
2012,CL_AREA.KG02,CL_UNIT_MEASURE.PER_100000_POP,3.5
2013,CL_AREA.KG02,CL_UNIT_MEASURE.PER_100000_POP,4.6
2014,CL_AREA.KG02,CL_UNIT_MEASURE.PER_100000_POP,4.3
2015,CL_AREA.KG02,CL_UNIT_MEASURE.PER_100000_POP,6.0
2016,CL_AREA.KG02,CL_UNIT_MEASURE.PER_100000_POP,3.6
2017,CL_AREA.KG02,CL_UNIT_MEASURE.PER_100000_POP,3.9
2018,CL_AREA.KG02,CL_UNIT_MEASURE.PER_100000_POP,2.2
2010,CL_AREA.KG02,CL_UNIT_MEASURE.NUMBER,23.0
2011,CL_AREA.KG02,CL_UNIT_MEASURE.NUMBER,35.0
2012,CL_AREA.KG02,CL_UNIT_MEASURE.NUMBER,16.0
2013,CL_AREA.KG02,CL_UNIT_MEASURE.NUMBER,21.0
2014,CL_AREA.KG02,CL_UNIT_MEASURE.NUMBER,20.0
2015,CL_AREA.KG02,CL_UNIT_MEASURE.NUMBER,28.0
2016,CL_AREA.KG02,CL_UNIT_MEASURE.NUMBER,17.0
2017,CL_AREA.KG02,CL_UNIT_MEASURE.NUMBER,19.0
2018,CL_AREA.KG02,CL_UNIT_MEASURE.NUMBER,11.0
2010,CL_AREA.KG04,CL_UNIT_MEASURE.PER_100000_POP,1.9
2011,CL_AREA.KG04,CL_UNIT_MEASURE.PER_100000_POP,3.0
2012,CL_AREA.KG04,CL_UNIT_MEASURE.PER_100000_POP,4.1
2013,CL_AREA.KG04,CL_UNIT_MEASURE.PER_100000_POP,1.8
2014,CL_AREA.KG04,CL_UNIT_MEASURE.PER_100000_POP,3.6
2015,CL_AREA.KG04,CL_UNIT_MEASURE.PER_100000_POP,2.5
2016,CL_AREA.KG04,CL_UNIT_MEASURE.PER_100000_POP,2.5
2017,CL_AREA.KG04,CL_UNIT_MEASURE.PER_100000_POP,1.1
2018,CL_AREA.KG04,CL_UNIT_MEASURE.PER_100000_POP,1.7
2010,CL_AREA.KG04,CL_UNIT_MEASURE.NUMBER,5.0
2011,CL_AREA.KG04,CL_UNIT_MEASURE.NUMBER,8.0
2012,CL_AREA.KG04,CL_UNIT_MEASURE.NUMBER,11.0
2013,CL_AREA.KG04,CL_UNIT_MEASURE.NUMBER,5.0
2014,CL_AREA.KG04,CL_UNIT_MEASURE.NUMBER,10.0
2015,CL_AREA.KG04,CL_UNIT_MEASURE.NUMBER,7.0
2016,CL_AREA.KG04,CL_UNIT_MEASURE.NUMBER,7.0
2017,CL_AREA.KG04,CL_UNIT_MEASURE.NUMBER,3.0
2018,CL_AREA.KG04,CL_UNIT_MEASURE.NUMBER,5.0
2010,CL_AREA.KG06,CL_UNIT_MEASURE.PER_100000_POP,17.4
2011,CL_AREA.KG06,CL_UNIT_MEASURE.PER_100000_POP,4.1
2012,CL_AREA.KG06,CL_UNIT_MEASURE.PER_100000_POP,1.8
2013,CL_AREA.KG06,CL_UNIT_MEASURE.PER_100000_POP,0.9
2014,CL_AREA.KG06,CL_UNIT_MEASURE.PER_100000_POP,1.1
2015,CL_AREA.KG06,CL_UNIT_MEASURE.PER_100000_POP,1.2
2016,CL_AREA.KG06,CL_UNIT_MEASURE.PER_100000_POP,1.0
2017,CL_AREA.KG06,CL_UNIT_MEASURE.PER_100000_POP,0.5
2018,CL_AREA.KG06,CL_UNIT_MEASURE.PER_100000_POP,0.7
2010,CL_AREA.KG06,CL_UNIT_MEASURE.NUMBER,197.0
2011,CL_AREA.KG06,CL_UNIT_MEASURE.NUMBER,47.0
2012,CL_AREA.KG06,CL_UNIT_MEASURE.NUMBER,21.0
2013,CL_AREA.KG06,CL_UNIT_MEASURE.NUMBER,11.0
2014,CL_AREA.KG06,CL_UNIT_MEASURE.NUMBER,13.0
2015,CL_AREA.KG06,CL_UNIT_MEASURE.NUMBER,15.0
2016,CL_AREA.KG06,CL_UNIT_MEASURE.NUMBER,13.0
2017,CL_AREA.KG06,CL_UNIT_MEASURE.NUMBER,7.0
2018,CL_AREA.KG06,CL_UNIT_MEASURE.NUMBER,10.0
2010,CL_AREA.KG07,CL_UNIT_MEASURE.PER_100000_POP,3.5
2011,CL_AREA.KG07,CL_UNIT_MEASURE.PER_100000_POP,3.8
2012,CL_AREA.KG07,CL_UNIT_MEASURE.PER_100000_POP,4.2
2013,CL_AREA.KG07,CL_UNIT_MEASURE.PER_100000_POP,4.5
2014,CL_AREA.KG07,CL_UNIT_MEASURE.PER_100000_POP,3.2
2016,CL_AREA.KG07,CL_UNIT_MEASURE.PER_100000_POP,2.4
2017,CL_AREA.KG07,CL_UNIT_MEASURE.PER_100000_POP,3.5
2018,CL_AREA.KG07,CL_UNIT_MEASURE.PER_100000_POP,0.8
2010,CL_AREA.KG07,CL_UNIT_MEASURE.NUMBER,8.0
2011,CL_AREA.KG07,CL_UNIT_MEASURE.NUMBER,9.0
2012,CL_AREA.KG07,CL_UNIT_MEASURE.NUMBER,10.0
2013,CL_AREA.KG07,CL_UNIT_MEASURE.NUMBER,11.0
2014,CL_AREA.KG07,CL_UNIT_MEASURE.NUMBER,8.0
2016,CL_AREA.KG07,CL_UNIT_MEASURE.NUMBER,6.0
2017,CL_AREA.KG07,CL_UNIT_MEASURE.NUMBER,9.0
2018,CL_AREA.KG07,CL_UNIT_MEASURE.NUMBER,2.0
2010,CL_AREA.KG08,CL_UNIT_MEASURE.PER_100000_POP,14.8
2011,CL_AREA.KG08,CL_UNIT_MEASURE.PER_100000_POP,13.4
2012,CL_AREA.KG08,CL_UNIT_MEASURE.PER_100000_POP,12.5
2013,CL_AREA.KG08,CL_UNIT_MEASURE.PER_100000_POP,7.4
2014,CL_AREA.KG08,CL_UNIT_MEASURE.PER_100000_POP,7.8
2015,CL_AREA.KG08,CL_UNIT_MEASURE.PER_100000_POP,7.5
2016,CL_AREA.KG08,CL_UNIT_MEASURE.PER_100000_POP,6.4
2017,CL_AREA.KG08,CL_UNIT_MEASURE.PER_100000_POP,6.7
2018,CL_AREA.KG08,CL_UNIT_MEASURE.PER_100000_POP,5.1
2010,CL_AREA.KG08,CL_UNIT_MEASURE.NUMBER,121.0
2011,CL_AREA.KG08,CL_UNIT_MEASURE.NUMBER,110.0
2012,CL_AREA.KG08,CL_UNIT_MEASURE.NUMBER,105.0
2013,CL_AREA.KG08,CL_UNIT_MEASURE.NUMBER,63.0
2014,CL_AREA.KG08,CL_UNIT_MEASURE.NUMBER,68.0
2015,CL_AREA.KG08,CL_UNIT_MEASURE.NUMBER,67.0
2016,CL_AREA.KG08,CL_UNIT_MEASURE.NUMBER,58.0
2017,CL_AREA.KG08,CL_UNIT_MEASURE.NUMBER,62.0
2018,CL_AREA.KG08,CL_UNIT_MEASURE.NUMBER,48.0
2010,CL_AREA.KG11,CL_UNIT_MEASURE.PER_100000_POP,9.0
2011,CL_AREA.KG11,CL_UNIT_MEASURE.PER_100000_POP,8.2
2012,CL_AREA.KG11,CL_UNIT_MEASURE.PER_100000_POP,7.6
2013,CL_AREA.KG11,CL_UNIT_MEASURE.PER_100000_POP,5.5
2014,CL_AREA.KG11,CL_UNIT_MEASURE.PER_100000_POP,5.5
2015,CL_AREA.KG11,CL_UNIT_MEASURE.PER_100000_POP,4.7
2016,CL_AREA.KG11,CL_UNIT_MEASURE.PER_100000_POP,3.5
2017,CL_AREA.KG11,CL_UNIT_MEASURE.PER_100000_POP,4.8
2018,CL_AREA.KG11,CL_UNIT_MEASURE.PER_100000_POP,3.0
2010,CL_AREA.KG11,CL_UNIT_MEASURE.NUMBER,77.0
2011,CL_AREA.KG11,CL_UNIT_MEASURE.NUMBER,72.0
2012,CL_AREA.KG11,CL_UNIT_MEASURE.NUMBER,68.0
2013,CL_AREA.KG11,CL_UNIT_MEASURE.NUMBER,50.0
2014,CL_AREA.KG11,CL_UNIT_MEASURE.NUMBER,52.0
2015,CL_AREA.KG11,CL_UNIT_MEASURE.NUMBER,45.0
2016,CL_AREA.KG11,CL_UNIT_MEASURE.NUMBER,34.0
2017,CL_AREA.KG11,CL_UNIT_MEASURE.NUMBER,48.0
2018,CL_AREA.KG11,CL_UNIT_MEASURE.NUMBER,31.0
2010,CL_AREA.KG21,CL_UNIT_MEASURE.PER_100000_POP,81.7
2011,CL_AREA.KG21,CL_UNIT_MEASURE.PER_100000_POP,5.5
2012,CL_AREA.KG21,CL_UNIT_MEASURE.PER_100000_POP,6.1
2013,CL_AREA.KG21,CL_UNIT_MEASURE.PER_100000_POP,3.8
2014,CL_AREA.KG21,CL_UNIT_MEASURE.PER_100000_POP,3.3
2015,CL_AREA.KG21,CL_UNIT_MEASURE.PER_100000_POP,3.3
2016,CL_AREA.KG21,CL_UNIT_MEASURE.PER_100000_POP,1.8
2017,CL_AREA.KG21,CL_UNIT_MEASURE.PER_100000_POP,4.2
2018,CL_AREA.KG21,CL_UNIT_MEASURE.PER_100000_POP,2.7
2010,CL_AREA.KG21,CL_UNIT_MEASURE.NUMBER,209.0
2011,CL_AREA.KG21,CL_UNIT_MEASURE.NUMBER,14.0
2012,CL_AREA.KG21,CL_UNIT_MEASURE.NUMBER,16.0
2013,CL_AREA.KG21,CL_UNIT_MEASURE.NUMBER,10.0
2014,CL_AREA.KG21,CL_UNIT_MEASURE.NUMBER,9.0
2015,CL_AREA.KG21,CL_UNIT_MEASURE.NUMBER,9.0
2016,CL_AREA.KG21,CL_UNIT_MEASURE.NUMBER,5.0
2017,CL_AREA.KG21,CL_UNIT_MEASURE.NUMBER,12.0
2018,CL_AREA.KG21,CL_UNIT_MEASURE.NUMBER,8.0
