Year,Reference area,Sex,Value
2007,Kyrgyzstan,,115.478276
2008,Kyrgyzstan,,106.34008200000001
2009,Kyrgyzstan,,103.932976
2010,Kyrgyzstan,,101.138775
2011,Kyrgyzstan,,100.367124
2012,Kyrgyzstan,,104.34219399999999
2013,Kyrgyzstan,,102.43271999999999
2014,Kyrgyzstan,,101.065558
2015,Kyrgyzstan,,98.249685
2016,Kyrgyzstan,,93.423511
2017,Kyrgyzstan,,90.6
2007,Kyrgyzstan,Female,91.061332
2008,Kyrgyzstan,Female,85.80910300000001
2009,Kyrgyzstan,Female,85.417204
2010,Kyrgyzstan,Female,84.9
2011,Kyrgyzstan,Female,81.94725
2012,Kyrgyzstan,Female,85.223608
2013,Kyrgyzstan,Female,87.8
2014,Kyrgyzstan,Female,88.7
2015,Kyrgyzstan,Female,83.7
2016,Kyrgyzstan,Female,81.7
2017,Kyrgyzstan,Female,77.7
2007,Kyrgyzstan,Modeled,140.46199
2008,Kyrgyzstan,Modeled,127.33842299999999
2009,Kyrgyzstan,Modeled,122.936319
2010,Kyrgyzstan,Modeled,117.8
2011,Kyrgyzstan,Modeled,119.25600700000001
2012,Kyrgyzstan,Modeled,123.92298400000001
2013,Kyrgyzstan,Modeled,117.4
2014,Kyrgyzstan,Modeled,113.7
2015,Kyrgyzstan,Modeled,113.1
2016,Kyrgyzstan,Modeled,105.3
2017,Kyrgyzstan,Modeled,103.8
2007,Batken,,80.315042
2008,Batken,,81.679899
2009,Batken,,82.704723
2010,Batken,,81.83755
2011,Batken,,78.880836
2012,Batken,,90.334237
2013,Batken,,90.032265
2014,Batken,,86.073371
2015,Batken,,72.743563
2016,Batken,,67.061001
2017,Batken,,70.8
2007,Batken,Female,70.837249
2008,Batken,Female,67.32306700000001
2009,Batken,Female,81.332337
2010,Batken,Female,62.3
2011,Batken,Female,63.9
2012,Batken,Female,79.7
2013,Batken,Female,81.0
2014,Batken,Female,78.8
2015,Batken,Female,63.1
2016,Batken,Female,66.6
2017,Batken,Female,65.7
2007,Batken,Modeled,89.74509599999999
2008,Batken,Modeled,95.98673000000001
2009,Batken,Modeled,84.03016
2010,Batken,Modeled,100.8
2011,Batken,Modeled,93.4
2012,Batken,Modeled,100.7
2013,Batken,Modeled,98.8
2014,Batken,Modeled,93.2
2015,Batken,Modeled,82.0
2016,Batken,Modeled,67.5
2017,Batken,Modeled,75.7
2007,Jalal-Abad,,91.916186
2008,Jalal-Abad,,88.33931199999999
2009,Jalal-Abad,,87.78748900000001
2010,Jalal-Abad,,85.931674
2011,Jalal-Abad,,82.549369
2012,Jalal-Abad,,86.910818
2013,Jalal-Abad,,80.886516
2014,Jalal-Abad,,85.34428
2015,Jalal-Abad,,76.512241
2016,Jalal-Abad,,84.915163
2017,Jalal-Abad,,80.2
2007,Jalal-Abad,Female,75.21800999999999
2008,Jalal-Abad,Female,71.207543
2009,Jalal-Abad,Female,71.79005699999999
2010,Jalal-Abad,Female,74.3
2011,Jalal-Abad,Female,72.983333
2012,Jalal-Abad,Female,75.789204
2013,Jalal-Abad,Female,74.3
2014,Jalal-Abad,Female,81.8
2015,Jalal-Abad,Female,66.2
2016,Jalal-Abad,Female,79.5
2017,Jalal-Abad,Female,72.8
2007,Jalal-Abad,Modeled,108.757553
2008,Jalal-Abad,Modeled,105.62176399999998
2009,Jalal-Abad,Modeled,103.75711
2010,Jalal-Abad,Modeled,97.6
2011,Jalal-Abad,Modeled,92.090531
2012,Jalal-Abad,Modeled,97.991089
2013,Jalal-Abad,Modeled,87.5
2014,Jalal-Abad,Modeled,88.8
2015,Jalal-Abad,Modeled,86.7
2016,Jalal-Abad,Modeled,90.3
2017,Jalal-Abad,Modeled,87.5
2007,Issyk-Kul,,74.81839699999999
2008,Issyk-Kul,,65.710142
2009,Issyk-Kul,,68.260473
2010,Issyk-Kul,,67.280621
2011,Issyk-Kul,,68.345501
2012,Issyk-Kul,,70.114091
2013,Issyk-Kul,,69.96319799999999
2014,Issyk-Kul,,63.962325
2015,Issyk-Kul,,58.459621
2016,Issyk-Kul,,60.411218999999996
2017,Issyk-Kul,,48.6
2007,Issyk-Kul,Female,57.509562
2008,Issyk-Kul,Female,56.84919
2009,Issyk-Kul,Female,57.584509999999995
2010,Issyk-Kul,Female,55.0
2011,Issyk-Kul,Female,53.747679000000005
2012,Issyk-Kul,Female,57.222843000000005
2013,Issyk-Kul,Female,57.9
2014,Issyk-Kul,Female,51.3
2015,Issyk-Kul,Female,48.5
2016,Issyk-Kul,Female,53.8
2017,Issyk-Kul,Female,34.8
2007,Issyk-Kul,Modeled,92.654432
2008,Issyk-Kul,Modeled,74.822647
2009,Issyk-Kul,Modeled,79.185677
2010,Issyk-Kul,Modeled,79.8
2011,Issyk-Kul,Modeled,83.206714
2012,Issyk-Kul,Modeled,83.21700799999999
2013,Issyk-Kul,Modeled,82.2
2014,Issyk-Kul,Modeled,76.8
2015,Issyk-Kul,Modeled,68.5
2016,Issyk-Kul,Modeled,67.1
2017,Issyk-Kul,Modeled,62.4
2007,Naryn,,89.134835
2008,Naryn,,101.241128
2009,Naryn,,97.171948
2010,Naryn,,103.928178
2011,Naryn,,95.24098599999999
2012,Naryn,,105.056599
2013,Naryn,,90.465191
2014,Naryn,,98.190078
2015,Naryn,,84.752208
2016,Naryn,,77.322632
2017,Naryn,,59.5
2007,Naryn,Female,73.136894
2008,Naryn,Female,93.896008
2009,Naryn,Female,87.733728
2010,Naryn,Female,85.5
2011,Naryn,Female,86.159148
2012,Naryn,Female,83.765487
2013,Naryn,Female,76.0
2014,Naryn,Female,87.0
2015,Naryn,Female,75.0
2016,Naryn,Female,63.3
2017,Naryn,Female,49.0
2007,Naryn,Modeled,104.664525
2008,Naryn,Modeled,108.341574
2009,Naryn,Modeled,106.394379
2010,Naryn,Modeled,121.9
2011,Naryn,Modeled,104.08086899999999
2012,Naryn,Modeled,125.735925
2013,Naryn,Modeled,104.4
2014,Naryn,Modeled,109.0
2015,Naryn,Modeled,94.2
2016,Naryn,Modeled,91.0
2017,Naryn,Modeled,69.6
2007,Osh,,102.866708
2008,Osh,,97.93956999999999
2009,Osh,,99.50311500000001
2010,Osh,,90.272855
2011,Osh,,86.981785
2012,Osh,,89.531841
2013,Osh,,97.42358399999999
2014,Osh,,90.681619
2015,Osh,,91.23786899999999
2016,Osh,,83.857442
2017,Osh,,84.4
2007,Osh,Female,85.479058
2008,Osh,Female,79.853854
2009,Osh,Female,84.498903
2010,Osh,Female,83.3
2011,Osh,Female,78.306875
2012,Osh,Female,79.852654
2013,Osh,Female,89.2
2014,Osh,Female,82.7
2015,Osh,Female,83.8
2016,Osh,Female,78.4
2017,Osh,Female,73.3
2007,Osh,Modeled,120.17593500000001
2008,Osh,Modeled,115.96536599999999
2009,Osh,Modeled,114.26834299999999
2010,Osh,Modeled,97.1
2011,Osh,Modeled,95.537626
2012,Osh,Modeled,99.072585
2013,Osh,Modeled,105.5
2014,Osh,Modeled,98.5
2015,Osh,Modeled,98.5
2016,Osh,Modeled,89.2
2017,Osh,Modeled,95.3
2007,Talas,,109.772016
2008,Talas,,98.863075
2009,Talas,,98.836801
2010,Talas,,105.89956000000001
2011,Talas,,107.889182
2012,Talas,,96.876369
2013,Talas,,106.455247
2014,Talas,,101.92599399999999
2015,Talas,,95.886509
2016,Talas,,83.723318
2017,Talas,,73.9
2007,Talas,Female,86.911498
2008,Talas,Female,90.931636
2009,Talas,Female,76.560919
2010,Talas,Female,87.0
2011,Talas,Female,90.31325799999999
2012,Talas,Female,85.593946
2013,Talas,Female,89.3
2014,Talas,Female,89.6
2015,Talas,Female,81.0
2016,Talas,Female,67.0
2017,Talas,Female,66.0
2007,Talas,Modeled,132.527127
2008,Talas,Modeled,106.730401
2009,Talas,Modeled,121.03776699999999
2010,Talas,Modeled,124.6
2011,Talas,Modeled,125.307942
2012,Talas,Modeled,108.024821
2013,Talas,Modeled,123.4
2014,Talas,Modeled,114.1
2015,Talas,Modeled,110.5
2016,Talas,Modeled,100.1
2017,Talas,Modeled,81.6
2007,Chui,,158.506191
2008,Chui,,166.836568
2009,Chui,,155.18168899999998
2010,Chui,,154.517607
2011,Chui,,158.53919199999999
2012,Chui,,156.78039099999998
2013,Chui,,144.320612
2014,Chui,,129.231041
2015,Chui,,141.654663
2016,Chui,,135.218207
2017,Chui,,136.2
2007,Chui,Female,125.927217
2008,Chui,Female,125.534299
2009,Chui,Female,117.922225
2010,Chui,Female,125.0
2011,Chui,Female,112.21888200000001
2012,Chui,Female,111.42140500000001
2013,Chui,Female,108.3
2014,Chui,Female,108.3
2015,Chui,Female,118.6
2016,Chui,Female,111.0
2017,Chui,Female,108.3
2007,Chui,Modeled,191.988363
2008,Chui,Modeled,209.227296
2009,Chui,Modeled,193.791585
2010,Chui,Modeled,185.1
2011,Chui,Modeled,206.421677
2012,Chui,Modeled,203.602691
2013,Chui,Modeled,181.5
2014,Chui,Modeled,150.8
2015,Chui,Modeled,165.4
2016,Chui,Modeled,160.2
2017,Chui,Modeled,165.0
2007,Bishkek (city),,174.387607
2008,Bishkek (city),,123.075571
2009,Bishkek (city),,114.473037
2010,Bishkek (city),,113.11275800000001
2011,Bishkek (city),,114.984154
2012,Bishkek (city),,123.691851
2013,Bishkek (city),,126.393198
2014,Bishkek (city),,133.511493
2015,Bishkek (city),,132.924152
2016,Bishkek (city),,114.6052
2017,Bishkek (city),,113.1
2007,Bishkek (city),Female,121.38989099999999
2008,Bishkek (city),Female,101.464217
2009,Bishkek (city),Female,90.39282
2010,Bishkek (city),Female,91.9
2011,Bishkek (city),Female,90.229385
2012,Bishkek (city),Female,97.405136
2013,Bishkek (city),Female,110.2
2014,Bishkek (city),Female,108.1
2015,Bishkek (city),Female,103.1
2016,Bishkek (city),Female,92.2
2017,Bishkek (city),Female,91.3
2007,Bishkek (city),Modeled,232.39882599999999
2008,Bishkek (city),Modeled,146.69989099999998
2009,Bishkek (city),Modeled,142.327909
2010,Bishkek (city),Modeled,137.6
2011,Bishkek (city),Modeled,143.52973899999998
2012,Bishkek (city),Modeled,153.949048
2013,Bishkek (city),Modeled,145.0
2014,Bishkek (city),Modeled,162.1
2015,Bishkek (city),Modeled,167.0
2016,Bishkek (city),Modeled,140.2
2017,Bishkek (city),Modeled,137.8
2007,Osh (city),,103.296686
2008,Osh (city),,99.531522
2009,Osh (city),,99.784188
2010,Osh (city),,85.444525
2011,Osh (city),,88.724902
2012,Osh (city),,98.39240799999999
2013,Osh (city),,83.705251
2014,Osh (city),,103.082002
2015,Osh (city),,89.736358
2016,Osh (city),,92.52618000000001
2017,Osh (city),,89.7
2007,Osh (city),Female,83.113365
2008,Osh (city),Female,63.749058999999995
2009,Osh (city),Female,82.603422
2010,Osh (city),Female,68.0
2011,Osh (city),Female,75.03507900000001
2012,Osh (city),Female,78.139535
2013,Osh (city),Female,64.4
2014,Osh (city),Female,92.2
2015,Osh (city),Female,78.5
2016,Osh (city),Female,77.6
2017,Osh (city),Female,75.3
2007,Osh (city),Modeled,125.184647
2008,Osh (city),Modeled,138.35178
2009,Osh (city),Modeled,118.375597
2010,Osh (city),Modeled,104.4
2011,Osh (city),Modeled,103.609189
2012,Osh (city),Modeled,120.37972099999999
2013,Osh (city),Modeled,104.5
2014,Osh (city),Modeled,114.8
2015,Osh (city),Modeled,101.8
2016,Osh (city),Modeled,108.5
2017,Osh (city),Modeled,105.2
