Year,Reference area,Occupation,Value
2007,Kyrgyzstan,Medical doctors,2.470972
2008,Kyrgyzstan,Medical doctors,2.475696
2009,Kyrgyzstan,Medical doctors,2.424193
2010,Kyrgyzstan,Medical doctors,2.437007
2011,Kyrgyzstan,Medical doctors,2.397923
2012,Kyrgyzstan,Medical doctors,2.364769
2013,Kyrgyzstan,Medical doctors,2.347241
2014,Kyrgyzstan,Medical doctors,2.296668
2015,Kyrgyzstan,Medical doctors,2.259497
2016,Kyrgyzstan,Medical doctors,2.269959
2017,Kyrgyzstan,Medical doctors,2.2283209999999998
2018,Kyrgyzstan,Medical doctors,2.214101
2007,Batken,Medical doctors,1.399238
2008,Batken,Medical doctors,1.435972
2009,Batken,Medical doctors,1.4983790000000001
2010,Batken,Medical doctors,1.512125
2011,Batken,Medical doctors,1.532809
2012,Batken,Medical doctors,1.582078
2013,Batken,Medical doctors,1.6203
2014,Batken,Medical doctors,1.618517
2015,Batken,Medical doctors,1.591574
2016,Batken,Medical doctors,1.666289
2017,Batken,Medical doctors,1.666693
2018,Batken,Medical doctors,1.65294
2007,Jalal-Abad,Medical doctors,1.430964
2008,Jalal-Abad,Medical doctors,1.383632
2009,Jalal-Abad,Medical doctors,1.3615059999999999
2010,Jalal-Abad,Medical doctors,1.374628
2011,Jalal-Abad,Medical doctors,1.4228450000000001
2012,Jalal-Abad,Medical doctors,1.421945
2013,Jalal-Abad,Medical doctors,1.43014
2014,Jalal-Abad,Medical doctors,1.387208
2015,Jalal-Abad,Medical doctors,1.356278
2016,Jalal-Abad,Medical doctors,1.3724290000000001
2017,Jalal-Abad,Medical doctors,1.357323
2018,Jalal-Abad,Medical doctors,1.390772
2007,Issyk-Kul,Medical doctors,1.687643
2008,Issyk-Kul,Medical doctors,1.651023
2009,Issyk-Kul,Medical doctors,1.581608
2010,Issyk-Kul,Medical doctors,1.545487
2011,Issyk-Kul,Medical doctors,1.6115959999999998
2012,Issyk-Kul,Medical doctors,1.568207
2013,Issyk-Kul,Medical doctors,1.559351
2014,Issyk-Kul,Medical doctors,1.519744
2015,Issyk-Kul,Medical doctors,1.49335
2016,Issyk-Kul,Medical doctors,1.514389
2017,Issyk-Kul,Medical doctors,1.474172
2018,Issyk-Kul,Medical doctors,1.486427
2007,Naryn,Medical doctors,1.656611
2008,Naryn,Medical doctors,1.561809
2009,Naryn,Medical doctors,1.592271
2010,Naryn,Medical doctors,1.483957
2011,Naryn,Medical doctors,1.468218
2012,Naryn,Medical doctors,1.439767
2013,Naryn,Medical doctors,1.3931069999999999
2014,Naryn,Medical doctors,1.427822
2015,Naryn,Medical doctors,1.419027
2016,Naryn,Medical doctors,1.391246
2017,Naryn,Medical doctors,1.363257
2018,Naryn,Medical doctors,1.358658
2007,Osh,Medical doctors,1.505136
2008,Osh,Medical doctors,1.4932530000000002
2009,Osh,Medical doctors,1.52167
2010,Osh,Medical doctors,1.552763
2011,Osh,Medical doctors,1.593553
2012,Osh,Medical doctors,1.600734
2013,Osh,Medical doctors,1.624263
2014,Osh,Medical doctors,1.6518150000000003
2015,Osh,Medical doctors,1.6774419999999999
2016,Osh,Medical doctors,1.7211319999999999
2017,Osh,Medical doctors,1.7031630000000002
2018,Osh,Medical doctors,1.6834799999999999
2007,Talas,Medical doctors,1.576424
2008,Talas,Medical doctors,1.567841
2009,Talas,Medical doctors,1.449813
2010,Talas,Medical doctors,1.367446
2011,Talas,Medical doctors,1.402304
2012,Talas,Medical doctors,1.361135
2013,Talas,Medical doctors,1.376759
2014,Talas,Medical doctors,1.3590799999999998
2015,Talas,Medical doctors,1.3371540000000002
2016,Talas,Medical doctors,1.2933569999999999
2017,Talas,Medical doctors,1.266512
2018,Talas,Medical doctors,1.2602870000000002
2007,Chui,Medical doctors,1.8053869999999999
2008,Chui,Medical doctors,1.762641
2009,Chui,Medical doctors,1.622033
2010,Chui,Medical doctors,1.584302
2011,Chui,Medical doctors,1.643607
2012,Chui,Medical doctors,1.578117
2013,Chui,Medical doctors,1.5203959999999999
2014,Chui,Medical doctors,1.5017479999999999
2015,Chui,Medical doctors,1.500884
2016,Chui,Medical doctors,1.5046700000000002
2017,Chui,Medical doctors,1.470065
2018,Chui,Medical doctors,1.481193
2007,Bishkek (city),Medical doctors,3.191977
2008,Bishkek (city),Medical doctors,3.272659
2009,Bishkek (city),Medical doctors,3.228714
2010,Bishkek (city),Medical doctors,3.247286
2011,Bishkek (city),Medical doctors,3.24467
2012,Bishkek (city),Medical doctors,3.123337
2013,Bishkek (city),Medical doctors,3.0174689999999997
2014,Bishkek (city),Medical doctors,2.833502
2015,Bishkek (city),Medical doctors,2.7825860000000002
2016,Bishkek (city),Medical doctors,2.7214240000000003
2017,Bishkek (city),Medical doctors,2.67925
2018,Bishkek (city),Medical doctors,2.63131
2007,Osh (city),Medical doctors,2.683388
2008,Osh (city),Medical doctors,2.816541
2009,Osh (city),Medical doctors,2.697738
2010,Osh (city),Medical doctors,2.693016
2011,Osh (city),Medical doctors,2.821988
2012,Osh (city),Medical doctors,2.929534
2013,Osh (city),Medical doctors,2.918508
2014,Osh (city),Medical doctors,3.063354
2015,Osh (city),Medical doctors,3.057084
2016,Osh (city),Medical doctors,2.929847
2017,Osh (city),Medical doctors,2.939567
2018,Osh (city),Medical doctors,2.908608
2007,Kyrgyzstan,Nursing and midwifery professionals,5.595816
2008,Kyrgyzstan,Nursing and midwifery professionals,5.501231
2009,Kyrgyzstan,Nursing and midwifery professionals,5.409631
2010,Kyrgyzstan,Nursing and midwifery professionals,5.422611
2011,Kyrgyzstan,Nursing and midwifery professionals,5.655012999999999
2012,Kyrgyzstan,Nursing and midwifery professionals,5.712033
2013,Kyrgyzstan,Nursing and midwifery professionals,5.758261
2014,Kyrgyzstan,Nursing and midwifery professionals,5.738701
2015,Kyrgyzstan,Nursing and midwifery professionals,5.738868
2016,Kyrgyzstan,Nursing and midwifery professionals,5.641021
2017,Kyrgyzstan,Nursing and midwifery professionals,5.570002
2018,Kyrgyzstan,Nursing and midwifery professionals,5.565537
2007,Batken,Nursing and midwifery professionals,7.026712
2008,Batken,Nursing and midwifery professionals,6.49783
2009,Batken,Nursing and midwifery professionals,6.6505
2010,Batken,Nursing and midwifery professionals,6.767158
2011,Batken,Nursing and midwifery professionals,7.111522999999999
2012,Batken,Nursing and midwifery professionals,7.304583
2013,Batken,Nursing and midwifery professionals,7.315836999999999
2014,Batken,Nursing and midwifery professionals,7.545451
2015,Batken,Nursing and midwifery professionals,7.5356179999999995
2016,Batken,Nursing and midwifery professionals,7.628388
2017,Batken,Nursing and midwifery professionals,7.632517999999999
2018,Batken,Nursing and midwifery professionals,7.636277000000001
2007,Jalal-Abad,Nursing and midwifery professionals,5.496411
2008,Jalal-Abad,Nursing and midwifery professionals,5.2336529999999994
2009,Jalal-Abad,Nursing and midwifery professionals,5.054089
2010,Jalal-Abad,Nursing and midwifery professionals,5.123263
2011,Jalal-Abad,Nursing and midwifery professionals,5.263577
2012,Jalal-Abad,Nursing and midwifery professionals,5.376644000000001
2013,Jalal-Abad,Nursing and midwifery professionals,5.376672
2014,Jalal-Abad,Nursing and midwifery professionals,5.352825
2015,Jalal-Abad,Nursing and midwifery professionals,5.332659
2016,Jalal-Abad,Nursing and midwifery professionals,5.214201999999999
2017,Jalal-Abad,Nursing and midwifery professionals,5.184872
2018,Jalal-Abad,Nursing and midwifery professionals,5.220543
2007,Issyk-Kul,Nursing and midwifery professionals,4.561259
2008,Issyk-Kul,Nursing and midwifery professionals,4.516168
2009,Issyk-Kul,Nursing and midwifery professionals,4.427596
2010,Issyk-Kul,Nursing and midwifery professionals,4.449744
2011,Issyk-Kul,Nursing and midwifery professionals,4.591487
2012,Issyk-Kul,Nursing and midwifery professionals,4.616396
2013,Issyk-Kul,Nursing and midwifery professionals,4.706405999999999
2014,Issyk-Kul,Nursing and midwifery professionals,4.716595
2015,Issyk-Kul,Nursing and midwifery professionals,4.7331970000000005
2016,Issyk-Kul,Nursing and midwifery professionals,4.509607
2017,Issyk-Kul,Nursing and midwifery professionals,4.428726999999999
2018,Issyk-Kul,Nursing and midwifery professionals,4.6736699999999995
2007,Naryn,Nursing and midwifery professionals,5.770343
2008,Naryn,Nursing and midwifery professionals,5.731546
2009,Naryn,Nursing and midwifery professionals,5.9527019999999995
2010,Naryn,Nursing and midwifery professionals,5.947272
2011,Naryn,Nursing and midwifery professionals,5.993652
2012,Naryn,Nursing and midwifery professionals,5.852316
2013,Naryn,Nursing and midwifery professionals,5.749329
2014,Naryn,Nursing and midwifery professionals,5.718573
2015,Naryn,Nursing and midwifery professionals,5.618483
2016,Naryn,Nursing and midwifery professionals,5.465356
2017,Naryn,Nursing and midwifery professionals,5.467118
2018,Naryn,Nursing and midwifery professionals,5.591399
2007,Osh,Nursing and midwifery professionals,5.744851000000001
2008,Osh,Nursing and midwifery professionals,5.70485
2009,Osh,Nursing and midwifery professionals,5.5544080000000005
2010,Osh,Nursing and midwifery professionals,5.578807
2011,Osh,Nursing and midwifery professionals,5.832281
2012,Osh,Nursing and midwifery professionals,5.887257
2013,Osh,Nursing and midwifery professionals,5.997855
2014,Osh,Nursing and midwifery professionals,6.003195
2015,Osh,Nursing and midwifery professionals,6.069911
2016,Osh,Nursing and midwifery professionals,5.944739
2017,Osh,Nursing and midwifery professionals,5.919213
2018,Osh,Nursing and midwifery professionals,5.8180309999999995
2007,Talas,Nursing and midwifery professionals,5.4140760000000006
2008,Talas,Nursing and midwifery professionals,5.332483
2009,Talas,Nursing and midwifery professionals,5.043778
2010,Talas,Nursing and midwifery professionals,4.939198
2011,Talas,Nursing and midwifery professionals,5.0652919999999995
2012,Talas,Nursing and midwifery professionals,5.143921
2013,Talas,Nursing and midwifery professionals,5.161821
2014,Talas,Nursing and midwifery professionals,5.2219430000000004
2015,Talas,Nursing and midwifery professionals,5.233206
2016,Talas,Nursing and midwifery professionals,5.087204
2017,Talas,Nursing and midwifery professionals,4.996544
2018,Talas,Nursing and midwifery professionals,4.946248000000001
2007,Chui,Nursing and midwifery professionals,3.910794
2008,Chui,Nursing and midwifery professionals,3.8413519999999997
2009,Chui,Nursing and midwifery professionals,3.6956620000000004
2010,Chui,Nursing and midwifery professionals,3.6238910000000004
2011,Chui,Nursing and midwifery professionals,3.861018
2012,Chui,Nursing and midwifery professionals,3.8349550000000003
2013,Chui,Nursing and midwifery professionals,3.850186
2014,Chui,Nursing and midwifery professionals,3.773329
2015,Chui,Nursing and midwifery professionals,3.75221
2016,Chui,Nursing and midwifery professionals,3.6511989999999996
2017,Chui,Nursing and midwifery professionals,3.5682980000000004
2018,Chui,Nursing and midwifery professionals,3.6243550000000004
2007,Bishkek (city),Nursing and midwifery professionals,3.575161
2008,Bishkek (city),Nursing and midwifery professionals,3.752147
2009,Bishkek (city),Nursing and midwifery professionals,3.8241300000000003
2010,Bishkek (city),Nursing and midwifery professionals,3.84045
2011,Bishkek (city),Nursing and midwifery professionals,3.98693
2012,Bishkek (city),Nursing and midwifery professionals,4.035522
2013,Bishkek (city),Nursing and midwifery professionals,4.077897
2014,Bishkek (city),Nursing and midwifery professionals,3.967543
2015,Bishkek (city),Nursing and midwifery professionals,4.0742400000000005
2016,Bishkek (city),Nursing and midwifery professionals,3.996454
2017,Bishkek (city),Nursing and midwifery professionals,3.897636
2018,Bishkek (city),Nursing and midwifery professionals,3.768332
2007,Osh (city),Nursing and midwifery professionals,5.390771
2008,Osh (city),Nursing and midwifery professionals,5.277519
2009,Osh (city),Nursing and midwifery professionals,5.148472
2010,Osh (city),Nursing and midwifery professionals,5.08507
2011,Osh (city),Nursing and midwifery professionals,5.585348000000001
2012,Osh (city),Nursing and midwifery professionals,5.574945
2013,Osh (city),Nursing and midwifery professionals,5.837016
2014,Osh (city),Nursing and midwifery professionals,5.886227
2015,Osh (city),Nursing and midwifery professionals,5.805921
2016,Osh (city),Nursing and midwifery professionals,5.724907
2017,Osh (city),Nursing and midwifery professionals,5.612531
2018,Osh (city),Nursing and midwifery professionals,5.6101730000000005
