Year,Территория,Пол,Value
2007,,,35.0
2008,,,31.7
2009,,,31.7
2010,,,33.7
2011,,,36.8
2012,,,38.0
2013,,,37.0
2014,,,30.6
2015,,,32.1
2016,,,25.4
2017,,,25.6
2018,,,22.4
2007,,Мужчины,34.7
2008,,Мужчины,31.4
2009,,Мужчины,30.7
2010,,Мужчины,32.7
2011,,Мужчины,36.1
2012,,Мужчины,37.2
2013,,Мужчины,36.5
2014,,Мужчины,29.7
2015,,Мужчины,31.5
2016,,Мужчины,25.0
2017,,Мужчины,25.0
2018,,Мужчины,22.5
2007,,Женщины,35.4
2008,,Женщины,32.1
2009,,Женщины,32.9
2010,,Женщины,34.8
2011,,Женщины,37.6
2012,,Женщины,39.0
2013,,Женщины,37.5
2014,,Женщины,31.5
2015,,Женщины,32.7
2016,,Женщины,25.7
2017,,Женщины,26.3
2018,,Женщины,22.2
2007,Баткен,,40.40248
2008,Баткен,,20.74156
2009,Баткен,,31.472533000000002
2010,Баткен,,33.595652
2011,Баткен,,35.637925
2012,Баткен,,34.235279999999996
2013,Баткен,,53.85581
2014,Баткен,,40.719691999999995
2015,Баткен,,41.156483
2016,Баткен,,37.049867
2017,Баткен,,40.51893
2018,Баткен,,33.773947
2007,Баткен,Мужчины,41.298196999999995
2008,Баткен,Мужчины,22.400607
2009,Баткен,Мужчины,31.273921
2010,Баткен,Мужчины,31.928278000000002
2011,Баткен,Мужчины,34.181401
2012,Баткен,Мужчины,34.639723
2013,Баткен,Мужчины,53.627067000000004
2014,Баткен,Мужчины,39.011010999999996
2015,Баткен,Мужчины,40.926454
2016,Баткен,Мужчины,36.116547
2017,Баткен,Мужчины,39.60454
2018,Баткен,Мужчины,33.671054
2007,Баткен,Женщины,39.381264
2008,Баткен,Женщины,18.757343
2009,Баткен,Женщины,31.703884999999996
2010,Баткен,Женщины,35.557934
2011,Баткен,Женщины,37.347648
2012,Баткен,Женщины,33.764476
2013,Баткен,Женщины,54.087839
2014,Баткен,Женщины,42.448702000000004
2015,Баткен,Женщины,41.395882
2016,Баткен,Женщины,38.033369
2017,Баткен,Женщины,41.521176000000004
2018,Баткен,Женщины,33.888979
2007,Джалал-Абадская область,,53.037853000000005
2008,Джалал-Абадская область,,40.086271
2009,Джалал-Абадская область,,36.873144
2010,Джалал-Абадская область,,44.705496000000004
2011,Джалал-Абадская область,,45.290428000000006
2012,Джалал-Абадская область,,55.65783100000001
2013,Джалал-Абадская область,,46.412538
2014,Джалал-Абадская область,,46.435379
2015,Джалал-Абадская область,,45.092335
2016,Джалал-Абадская область,,32.247345
2017,Джалал-Абадская область,,32.58065
2018,Джалал-Абадская область,,32.21518
2007,Джалал-Абадская область,Мужчины,51.581913
2008,Джалал-Абадская область,Мужчины,37.898731
2009,Джалал-Абадская область,Мужчины,33.475027000000004
2010,Джалал-Абадская область,Мужчины,43.666948
2011,Джалал-Абадская область,Мужчины,43.691714000000005
2012,Джалал-Абадская область,Мужчины,55.271781999999995
2013,Джалал-Абадская область,Мужчины,47.356836
2014,Джалал-Абадская область,Мужчины,47.010505
2015,Джалал-Абадская область,Мужчины,45.246248
2016,Джалал-Абадская область,Мужчины,33.070935
2017,Джалал-Абадская область,Мужчины,33.991288
2018,Джалал-Абадская область,Мужчины,33.427506
2007,Джалал-Абадская область,Женщины,54.569086
2008,Джалал-Абадская область,Женщины,42.427935999999995
2009,Джалал-Абадская область,Женщины,40.528056
2010,Джалал-Абадская область,Женщины,45.762935999999996
2011,Джалал-Абадская область,Женщины,46.925946
2012,Джалал-Абадская область,Женщины,56.050613
2013,Джалал-Абадская область,Женщины,45.459524
2014,Джалал-Абадская область,Женщины,45.842338
2015,Джалал-Абадская область,Женщины,44.933484
2016,Джалал-Абадская область,Женщины,31.382458000000003
2017,Джалал-Абадская область,Женщины,31.110381
2018,Джалал-Абадская область,Женщины,30.924895000000003
2007,Иссык-Кульская область,,38.587156
2008,Иссык-Кульская область,,52.243736
2009,Иссык-Кульская область,,46.090374
2010,Иссык-Кульская область,,38.013539
2011,Иссык-Кульская область,,29.522755
2012,Иссык-Кульская область,,28.137634999999996
2013,Иссык-Кульская область,,39.477990000000005
2014,Иссык-Кульская область,,26.014325
2015,Иссык-Кульская область,,28.892638
2016,Иссык-Кульская область,,24.744553
2017,Иссык-Кульская область,,24.170329000000002
2018,Иссык-Кульская область,,21.529510000000002
2007,Иссык-Кульская область,Мужчины,38.684594
2008,Иссык-Кульская область,Мужчины,52.152947
2009,Иссык-Кульская область,Мужчины,47.889059
2010,Иссык-Кульская область,Мужчины,36.910699
2011,Иссык-Кульская область,Мужчины,31.115103
2012,Иссык-Кульская область,Мужчины,28.242618
2013,Иссык-Кульская область,Мужчины,40.426190000000005
2014,Иссык-Кульская область,Мужчины,26.354813
2015,Иссык-Кульская область,Мужчины,29.078559999999996
2016,Иссык-Кульская область,Мужчины,24.749642
2017,Иссык-Кульская область,Мужчины,24.266813
2018,Иссык-Кульская область,Мужчины,21.495641
2007,Иссык-Кульская область,Женщины,38.498843
2008,Иссык-Кульская область,Женщины,52.32036
2009,Иссык-Кульская область,Женщины,44.51291
2010,Иссык-Кульская область,Женщины,39.006289
2011,Иссык-Кульская область,Женщины,28.112246999999996
2012,Иссык-Кульская область,Женщины,28.021324
2013,Иссык-Кульская область,Женщины,38.474804
2014,Иссык-Кульская область,Женщины,25.663079
2015,Иссык-Кульская область,Женщины,28.701454
2016,Иссык-Кульская область,Женщины,24.739204
2017,Иссык-Кульская область,Женщины,24.067407
2018,Иссык-Кульская область,Женщины,21.566132
2007,Нарынская область,,45.182679
2008,Нарынская область,,42.730284000000005
2009,Нарынская область,,44.11792
2010,Нарынская область,,53.531335
2011,Нарынская область,,49.925098
2012,Нарынская область,,39.932299
2013,Нарынская область,,43.754395
2014,Нарынская область,,30.560927000000003
2015,Нарынская область,,38.007028999999996
2016,Нарынская область,,37.798212
2017,Нарынская область,,29.21834
2018,Нарынская область,,30.596328000000003
2007,Нарынская область,Мужчины,46.868159000000006
2008,Нарынская область,Мужчины,42.698865999999995
2009,Нарынская область,Мужчины,44.838863
2010,Нарынская область,Мужчины,53.397509
2011,Нарынская область,Мужчины,48.269824
2012,Нарынская область,Мужчины,37.664069
2013,Нарынская область,Мужчины,44.781415
2014,Нарынская область,Мужчины,32.369301
2015,Нарынская область,Мужчины,39.504744
2016,Нарынская область,Мужчины,39.601890999999995
2017,Нарынская область,Мужчины,31.189138
2018,Нарынская область,Мужчины,31.5949
2007,Нарынская область,Женщины,43.678265
2008,Нарынская область,Женщины,42.757725
2009,Нарынская область,Женщины,43.496308
2010,Нарынская область,Женщины,53.67666800000001
2011,Нарынская область,Женщины,51.728537
2012,Нарынская область,Женщины,42.395906
2013,Нарынская область,Женщины,42.671843
2014,Нарынская область,Женщины,28.643083
2015,Нарынская область,Женщины,36.407725
2016,Нарынская область,Женщины,35.859946
2017,Нарынская область,Женщины,27.069803999999998
2018,Нарынская область,Женщины,29.460632
2007,Ошская область,,46.591609999999996
2008,Ошская область,,37.452826
2009,Ошская область,,38.292035999999996
2010,Ошская область,,41.897118
2011,Ошская область,,44.680774
2012,Ошская область,,51.433698
2013,Ошская область,,43.409369
2014,Ошская область,,31.740140000000004
2015,Ошская область,,28.944511
2016,Ошская область,,22.024663
2017,Ошская область,,14.267617000000001
2018,Ошская область,,14.778620000000002
2007,Ошская область,Мужчины,48.708186
2008,Ошская область,Мужчины,37.931554
2009,Ошская область,Мужчины,38.334635999999996
2010,Ошская область,Мужчины,40.639753999999996
2011,Ошская область,Мужчины,44.169695000000004
2012,Ошская область,Мужчины,50.553916
2013,Ошская область,Мужчины,42.660819000000004
2014,Ошская область,Мужчины,30.494417
2015,Ошская область,Мужчины,28.438703000000004
2016,Ошская область,Мужчины,21.810872
2017,Ошская область,Мужчины,12.948414999999999
2018,Ошская область,Мужчины,15.25625
2007,Ошская область,Женщины,44.295394
2008,Ошская область,Женщины,36.913059999999994
2009,Ошская область,Женщины,38.245332
2010,Ошская область,Женщины,43.246261
2011,Ошская область,Женщины,45.24075
2012,Ошская область,Женщины,52.41883
2013,Ошская область,Женщины,44.228326
2014,Ошская область,Женщины,33.102942
2015,Ошская область,Женщины,29.48951
2016,Ошская область,Женщины,22.264453
2017,Ошская область,Женщины,15.723495000000002
2018,Ошская область,Женщины,14.253422
2007,Таласская область,,35.259053
2008,Таласская область,,42.972122999999996
2009,Таласская область,,33.003964
2010,Таласская область,,42.338833
2011,Таласская область,,50.172706
2012,Таласская область,,39.57478
2013,Таласская область,,23.057182
2014,Таласская область,,19.048344
2015,Таласская область,,21.481514
2016,Таласская область,,18.115851
2017,Таласская область,,20.679703
2018,Таласская область,,22.085933999999998
2007,Таласская область,Мужчины,35.524401
2008,Таласская область,Мужчины,45.403420000000004
2009,Таласская область,Мужчины,35.673722
2010,Таласская область,Мужчины,44.324841
2011,Таласская область,Мужчины,51.365666999999995
2012,Таласская область,Мужчины,42.155403
2013,Таласская область,Мужчины,23.320678
2014,Таласская область,Мужчины,19.717988000000002
2015,Таласская область,Мужчины,22.565255
2016,Таласская область,Мужчины,19.131642000000003
2017,Таласская область,Мужчины,21.405379999999997
2018,Таласская область,Мужчины,23.802663
2007,Таласская область,Женщины,34.937965999999996
2008,Таласская область,Женщины,40.025341999999995
2009,Таласская область,Женщины,29.757565000000003
2010,Таласская область,Женщины,40.090317999999996
2011,Таласская область,Женщины,48.834977
2012,Таласская область,Женщины,36.737398999999996
2013,Таласская область,Женщины,22.797196
2014,Таласская область,Женщины,18.38895
2015,Таласская область,Женщины,20.402521
2016,Таласская область,Женщины,17.094741
2017,Таласская область,Женщины,19.940922
2018,Таласская область,Женщины,20.340712
2007,Чуй,,14.980994
2008,Чуй,,15.782631
2009,Чуй,,21.239380999999998
2010,Чуй,,21.868453
2011,Чуй,,28.620908
2012,Чуй,,16.571766
2013,Чуй,,23.615399
2014,Чуй,,21.576154000000002
2015,Чуй,,24.813851
2016,Чуй,,30.306457
2017,Чуй,,33.300588
2018,Чуй,,15.569903
2007,Чуй,Мужчины,13.323177
2008,Чуй,Мужчины,14.947409
2009,Чуй,Мужчины,20.612282999999998
2010,Чуй,Мужчины,21.810234
2011,Чуй,Мужчины,31.580794
2012,Чуй,Мужчины,16.336951000000003
2013,Чуй,Мужчины,23.536875
2014,Чуй,Мужчины,20.781079000000002
2015,Чуй,Мужчины,24.231370000000002
2016,Чуй,Мужчины,29.796796
2017,Чуй,Мужчины,32.33125
2018,Чуй,Мужчины,15.460809
2007,Чуй,Женщины,16.816017000000002
2008,Чуй,Женщины,16.656433
2009,Чуй,Женщины,21.936014
2010,Чуй,Женщины,21.932251
2011,Чуй,Женщины,25.292385999999997
2012,Чуй,Женщины,16.835987
2013,Чуй,Женщины,23.697958
2014,Чуй,Женщины,22.438097
2015,Чуй,Женщины,25.448532
2016,Чуй,Женщины,30.862157
2017,Чуй,Женщины,34.357578000000004
2018,Чуй,Женщины,15.688804999999999
2007,Бишкек (город),,5.005041
2008,Бишкек (город),,15.199876999999999
2009,Бишкек (город),,13.244359
2010,Бишкек (город),,7.89363
2011,Бишкек (город),,18.412319
2012,Бишкек (город),,21.394253
2013,Бишкек (город),,20.374195
2014,Бишкек (город),,17.559795
2015,Бишкек (город),,23.541813
2016,Бишкек (город),,9.78144
2017,Бишкек (город),,15.895976999999998
2018,Бишкек (город),,15.431849
2007,Бишкек (город),Мужчины,4.99107
2008,Бишкек (город),Мужчины,14.580407999999998
2009,Бишкек (город),Мужчины,12.694536
2010,Бишкек (город),Мужчины,7.30227
2011,Бишкек (город),Мужчины,17.126273
2012,Бишкек (город),Мужчины,19.902241
2013,Бишкек (город),Мужчины,18.389802
2014,Бишкек (город),Мужчины,15.756847
2015,Бишкек (город),Мужчины,22.249204000000002
2016,Бишкек (город),Мужчины,8.899379
2017,Бишкек (город),Мужчины,14.320885
2018,Бишкек (город),Мужчины,14.746660999999998
2007,Бишкек (город),Женщины,5.022346
2008,Бишкек (город),Женщины,15.989713
2009,Бишкек (город),Женщины,13.950363000000001
2010,Бишкек (город),Женщины,8.654214999999999
2011,Бишкек (город),Женщины,20.038087
2012,Бишкек (город),Женщины,23.294373999999998
2013,Бишкек (город),Женщины,22.845597
2014,Бишкек (город),Женщины,19.854368
2015,Бишкек (город),Женщины,25.206391
2016,Бишкек (город),Женщины,10.893361
2017,Бишкек (город),Женщины,17.858219000000002
2018,Бишкек (город),Женщины,16.325681
2007,г. Ош,,0.0
2008,г. Ош,,0.0
2009,г. Ош,,0.0
2010,г. Ош,,0.0
2011,г. Ош,,0.0
2012,г. Ош,,0.0
2013,г. Ош,,40.875893
2014,г. Ош,,33.421786
2015,г. Ош,,38.278868
2016,г. Ош,,24.599439999999998
2017,г. Ош,,33.489021
2018,г. Ош,,35.470048
2007,г. Ош,Мужчины,0.0
2008,г. Ош,Мужчины,0.0
2009,г. Ош,Мужчины,0.0
2010,г. Ош,Мужчины,0.0
2011,г. Ош,Мужчины,0.0
2012,г. Ош,Мужчины,0.0
2013,г. Ош,Мужчины,40.214977000000005
2014,г. Ош,Мужчины,31.961883
2015,г. Ош,Мужчины,35.847234
2016,г. Ош,Мужчины,23.187148999999998
2017,г. Ош,Мужчины,30.888271000000003
2018,г. Ош,Мужчины,33.89696
2007,г. Ош,Женщины,0.0
2008,г. Ош,Женщины,0.0
2009,г. Ош,Женщины,0.0
2010,г. Ош,Женщины,0.0
2011,г. Ош,Женщины,0.0
2012,г. Ош,Женщины,0.0
2013,г. Ош,Женщины,41.620642
2014,г. Ош,Женщины,35.041318
2015,г. Ош,Женщины,41.029123
2016,г. Ош,Женщины,26.170219
2017,г. Ош,Женщины,36.383303000000005
2018,г. Ош,Женщины,37.27373
