Year,concept.REF_AREA,concept.SEX,Value
2007,,,350
2008,,,317
2009,,,317
2010,,,337
2011,,,368
2012,,,380
2013,,,370
2014,,,306
2015,,,321
2016,,,254
2017,,,256
2018,,,224
2007,,Смоделированные данные,347
2008,,Смоделированные данные,314
2009,,Смоделированные данные,307
2010,,Смоделированные данные,327
2011,,Смоделированные данные,361
2012,,Смоделированные данные,372
2013,,Смоделированные данные,365
2014,,Смоделированные данные,297
2015,,Смоделированные данные,315
2016,,Смоделированные данные,250
2017,,Смоделированные данные,250
2018,,Смоделированные данные,225
2007,,Женщины,354
2008,,Женщины,321
2009,,Женщины,329
2010,,Женщины,348
2011,,Женщины,376
2012,,Женщины,390
2013,,Женщины,375
2014,,Женщины,315
2015,,Женщины,327
2016,,Женщины,257
2017,,Женщины,263
2018,,Женщины,222
2007,Баткен,,404
2008,Баткен,,207
2009,Баткен,,315
2010,Баткен,,336
2011,Баткен,,356
2012,Баткен,,342
2013,Баткен,,539
2014,Баткен,,407
2015,Баткен,,412
2016,Баткен,,370
2017,Баткен,,405
2018,Баткен,,338
2007,Баткен,Смоделированные данные,413
2008,Баткен,Смоделированные данные,224
2009,Баткен,Смоделированные данные,313
2010,Баткен,Смоделированные данные,319
2011,Баткен,Смоделированные данные,342
2012,Баткен,Смоделированные данные,346
2013,Баткен,Смоделированные данные,536
2014,Баткен,Смоделированные данные,390
2015,Баткен,Смоделированные данные,409
2016,Баткен,Смоделированные данные,361
2017,Баткен,Смоделированные данные,396
2018,Баткен,Смоделированные данные,337
2007,Баткен,Женщины,394
2008,Баткен,Женщины,188
2009,Баткен,Женщины,317
2010,Баткен,Женщины,356
2011,Баткен,Женщины,373
2012,Баткен,Женщины,338
2013,Баткен,Женщины,541
2014,Баткен,Женщины,424
2015,Баткен,Женщины,414
2016,Баткен,Женщины,380
2017,Баткен,Женщины,415
2018,Баткен,Женщины,339
2007,Джалал-Абадская область,,530
2008,Джалал-Абадская область,,401
2009,Джалал-Абадская область,,369
2010,Джалал-Абадская область,,447
2011,Джалал-Абадская область,,453
2012,Джалал-Абадская область,,557
2013,Джалал-Абадская область,,464
2014,Джалал-Абадская область,,464
2015,Джалал-Абадская область,,451
2016,Джалал-Абадская область,,322
2017,Джалал-Абадская область,,326
2018,Джалал-Абадская область,,322
2007,Джалал-Абадская область,Смоделированные данные,516
2008,Джалал-Абадская область,Смоделированные данные,379
2009,Джалал-Абадская область,Смоделированные данные,335
2010,Джалал-Абадская область,Смоделированные данные,437
2011,Джалал-Абадская область,Смоделированные данные,437
2012,Джалал-Абадская область,Смоделированные данные,553
2013,Джалал-Абадская область,Смоделированные данные,474
2014,Джалал-Абадская область,Смоделированные данные,470
2015,Джалал-Абадская область,Смоделированные данные,452
2016,Джалал-Абадская область,Смоделированные данные,331
2017,Джалал-Абадская область,Смоделированные данные,340
2018,Джалал-Абадская область,Смоделированные данные,334
2007,Джалал-Абадская область,Женщины,546
2008,Джалал-Абадская область,Женщины,424
2009,Джалал-Абадская область,Женщины,405
2010,Джалал-Абадская область,Женщины,458
2011,Джалал-Абадская область,Женщины,469
2012,Джалал-Абадская область,Женщины,561
2013,Джалал-Абадская область,Женщины,455
2014,Джалал-Абадская область,Женщины,458
2015,Джалал-Абадская область,Женщины,449
2016,Джалал-Абадская область,Женщины,314
2017,Джалал-Абадская область,Женщины,311
2018,Джалал-Абадская область,Женщины,309
2007,Иссык-Кульская область,,386
2008,Иссык-Кульская область,,522
2009,Иссык-Кульская область,,461
2010,Иссык-Кульская область,,380
2011,Иссык-Кульская область,,295
2012,Иссык-Кульская область,,281
2013,Иссык-Кульская область,,395
2014,Иссык-Кульская область,,260
2015,Иссык-Кульская область,,289
2016,Иссык-Кульская область,,247
2017,Иссык-Кульская область,,242
2018,Иссык-Кульская область,,215
2007,Иссык-Кульская область,Смоделированные данные,387
2008,Иссык-Кульская область,Смоделированные данные,522
2009,Иссык-Кульская область,Смоделированные данные,479
2010,Иссык-Кульская область,Смоделированные данные,369
2011,Иссык-Кульская область,Смоделированные данные,311
2012,Иссык-Кульская область,Смоделированные данные,282
2013,Иссык-Кульская область,Смоделированные данные,404
2014,Иссык-Кульская область,Смоделированные данные,264
2015,Иссык-Кульская область,Смоделированные данные,291
2016,Иссык-Кульская область,Смоделированные данные,247
2017,Иссык-Кульская область,Смоделированные данные,243
2018,Иссык-Кульская область,Смоделированные данные,215
2007,Иссык-Кульская область,Женщины,385
2008,Иссык-Кульская область,Женщины,523
2009,Иссык-Кульская область,Женщины,445
2010,Иссык-Кульская область,Женщины,390
2011,Иссык-Кульская область,Женщины,281
2012,Иссык-Кульская область,Женщины,280
2013,Иссык-Кульская область,Женщины,385
2014,Иссык-Кульская область,Женщины,257
2015,Иссык-Кульская область,Женщины,287
2016,Иссык-Кульская область,Женщины,247
2017,Иссык-Кульская область,Женщины,241
2018,Иссык-Кульская область,Женщины,216
2007,Нарынская область,,452
2008,Нарынская область,,427
2009,Нарынская область,,441
2010,Нарынская область,,535
2011,Нарынская область,,499
2012,Нарынская область,,399
2013,Нарынская область,,438
2014,Нарынская область,,306
2015,Нарынская область,,380
2016,Нарынская область,,378
2017,Нарынская область,,292
2018,Нарынская область,,306
2007,Нарынская область,Смоделированные данные,469
2008,Нарынская область,Смоделированные данные,427
2009,Нарынская область,Смоделированные данные,448
2010,Нарынская область,Смоделированные данные,534
2011,Нарынская область,Смоделированные данные,483
2012,Нарынская область,Смоделированные данные,377
2013,Нарынская область,Смоделированные данные,448
2014,Нарынская область,Смоделированные данные,324
2015,Нарынская область,Смоделированные данные,395
2016,Нарынская область,Смоделированные данные,396
2017,Нарынская область,Смоделированные данные,312
2018,Нарынская область,Смоделированные данные,316
2007,Нарынская область,Женщины,437
2008,Нарынская область,Женщины,428
2009,Нарынская область,Женщины,435
2010,Нарынская область,Женщины,537
2011,Нарынская область,Женщины,517
2012,Нарынская область,Женщины,424
2013,Нарынская область,Женщины,427
2014,Нарынская область,Женщины,286
2015,Нарынская область,Женщины,364
2016,Нарынская область,Женщины,359
2017,Нарынская область,Женщины,271
2018,Нарынская область,Женщины,295
2007,Ошская область,,466
2008,Ошская область,,375
2009,Ошская область,,383
2010,Ошская область,,419
2011,Ошская область,,447
2012,Ошская область,,514
2013,Ошская область,,434
2014,Ошская область,,317
2015,Ошская область,,289
2016,Ошская область,,220
2017,Ошская область,,143
2018,Ошская область,,148
2007,Ошская область,Смоделированные данные,487
2008,Ошская область,Смоделированные данные,379
2009,Ошская область,Смоделированные данные,383
2010,Ошская область,Смоделированные данные,406
2011,Ошская область,Смоделированные данные,442
2012,Ошская область,Смоделированные данные,506
2013,Ошская область,Смоделированные данные,427
2014,Ошская область,Смоделированные данные,305
2015,Ошская область,Смоделированные данные,284
2016,Ошская область,Смоделированные данные,218
2017,Ошская область,Смоделированные данные,129
2018,Ошская область,Смоделированные данные,153
2007,Ошская область,Женщины,443
2008,Ошская область,Женщины,369
2009,Ошская область,Женщины,382
2010,Ошская область,Женщины,432
2011,Ошская область,Женщины,452
2012,Ошская область,Женщины,524
2013,Ошская область,Женщины,442
2014,Ошская область,Женщины,331
2015,Ошская область,Женщины,295
2016,Ошская область,Женщины,223
2017,Ошская область,Женщины,157
2018,Ошская область,Женщины,143
2007,Таласская область,,353
2008,Таласская область,,430
2009,Таласская область,,330
2010,Таласская область,,423
2011,Таласская область,,502
2012,Таласская область,,396
2013,Таласская область,,231
2014,Таласская область,,190
2015,Таласская область,,215
2016,Таласская область,,181
2017,Таласская область,,207
2018,Таласская область,,221
2007,Таласская область,Смоделированные данные,355
2008,Таласская область,Смоделированные данные,454
2009,Таласская область,Смоделированные данные,357
2010,Таласская область,Смоделированные данные,443
2011,Таласская область,Смоделированные данные,514
2012,Таласская область,Смоделированные данные,422
2013,Таласская область,Смоделированные данные,233
2014,Таласская область,Смоделированные данные,197
2015,Таласская область,Смоделированные данные,226
2016,Таласская область,Смоделированные данные,191
2017,Таласская область,Смоделированные данные,214
2018,Таласская область,Смоделированные данные,238
2007,Таласская область,Женщины,349
2008,Таласская область,Женщины,400
2009,Таласская область,Женщины,298
2010,Таласская область,Женщины,401
2011,Таласская область,Женщины,488
2012,Таласская область,Женщины,367
2013,Таласская область,Женщины,228
2014,Таласская область,Женщины,184
2015,Таласская область,Женщины,204
2016,Таласская область,Женщины,171
2017,Таласская область,Женщины,199
2018,Таласская область,Женщины,203
2007,Чуй,,150
2008,Чуй,,158
2009,Чуй,,212
2010,Чуй,,219
2011,Чуй,,286
2012,Чуй,,166
2013,Чуй,,236
2014,Чуй,,216
2015,Чуй,,248
2016,Чуй,,303
2017,Чуй,,333
2018,Чуй,,156
2007,Чуй,Смоделированные данные,133
2008,Чуй,Смоделированные данные,149
2009,Чуй,Смоделированные данные,206
2010,Чуй,Смоделированные данные,218
2011,Чуй,Смоделированные данные,316
2012,Чуй,Смоделированные данные,163
2013,Чуй,Смоделированные данные,235
2014,Чуй,Смоделированные данные,208
2015,Чуй,Смоделированные данные,242
2016,Чуй,Смоделированные данные,298
2017,Чуй,Смоделированные данные,323
2018,Чуй,Смоделированные данные,155
2007,Чуй,Женщины,168
2008,Чуй,Женщины,167
2009,Чуй,Женщины,219
2010,Чуй,Женщины,219
2011,Чуй,Женщины,253
2012,Чуй,Женщины,168
2013,Чуй,Женщины,237
2014,Чуй,Женщины,224
2015,Чуй,Женщины,254
2016,Чуй,Женщины,309
2017,Чуй,Женщины,344
2018,Чуй,Женщины,157
2007,Бишкек (город),,50
2008,Бишкек (город),,152
2009,Бишкек (город),,132
2010,Бишкек (город),,79
2011,Бишкек (город),,184
2012,Бишкек (город),,214
2013,Бишкек (город),,204
2014,Бишкек (город),,176
2015,Бишкек (город),,235
2016,Бишкек (город),,98
2017,Бишкек (город),,159
2018,Бишкек (город),,154
2007,Бишкек (город),Смоделированные данные,50
2008,Бишкек (город),Смоделированные данные,146
2009,Бишкек (город),Смоделированные данные,127
2010,Бишкек (город),Смоделированные данные,73
2011,Бишкек (город),Смоделированные данные,171
2012,Бишкек (город),Смоделированные данные,199
2013,Бишкек (город),Смоделированные данные,184
2014,Бишкек (город),Смоделированные данные,158
2015,Бишкек (город),Смоделированные данные,222
2016,Бишкек (город),Смоделированные данные,89
2017,Бишкек (город),Смоделированные данные,143
2018,Бишкек (город),Смоделированные данные,147
2007,Бишкек (город),Женщины,50
2008,Бишкек (город),Женщины,160
2009,Бишкек (город),Женщины,140
2010,Бишкек (город),Женщины,87
2011,Бишкек (город),Женщины,200
2012,Бишкек (город),Женщины,233
2013,Бишкек (город),Женщины,228
2014,Бишкек (город),Женщины,199
2015,Бишкек (город),Женщины,252
2016,Бишкек (город),Женщины,109
2017,Бишкек (город),Женщины,179
2018,Бишкек (город),Женщины,163
2007,г. Ош,,0
2008,г. Ош,,0
2009,г. Ош,,0
2010,г. Ош,,0
2011,г. Ош,,0
2012,г. Ош,,0
2013,г. Ош,,409
2014,г. Ош,,334
2015,г. Ош,,383
2016,г. Ош,,246
2017,г. Ош,,335
2018,г. Ош,,355
2007,г. Ош,Смоделированные данные,0
2008,г. Ош,Смоделированные данные,0
2009,г. Ош,Смоделированные данные,0
2010,г. Ош,Смоделированные данные,0
2011,г. Ош,Смоделированные данные,0
2012,г. Ош,Смоделированные данные,0
2013,г. Ош,Смоделированные данные,402
2014,г. Ош,Смоделированные данные,320
2015,г. Ош,Смоделированные данные,358
2016,г. Ош,Смоделированные данные,232
2017,г. Ош,Смоделированные данные,309
2018,г. Ош,Смоделированные данные,339
2007,г. Ош,Женщины,0
2008,г. Ош,Женщины,0
2009,г. Ош,Женщины,0
2010,г. Ош,Женщины,0
2011,г. Ош,Женщины,0
2012,г. Ош,Женщины,0
2013,г. Ош,Женщины,416
2014,г. Ош,Женщины,350
2015,г. Ош,Женщины,410
2016,г. Ош,Женщины,262
2017,г. Ош,Женщины,364
2018,г. Ош,Женщины,373
