Year,concept.REF_AREA,Units,Value
2007,,Португалия,0.102468
2008,,Португалия,0.6574220000000001
2009,,Португалия,0.037073
2010,,Португалия,0.23456100000000002
2011,,Португалия,0.32864899999999997
2012,,Португалия,0.297902
2013,,Португалия,0.062089
2014,,Португалия,0.113728
2015,,Португалия,0.532092
2016,,Португалия,0.21124
2017,,Португалия,0.193675
2018,,Португалия,0.21801700000000002
2007,,Местная валюта,145.4
2008,,Местная валюта,1235.9
2009,,Местная валюта,74.6
2010,,Местная валюта,516.9
2011,,Местная валюта,939.9
2012,,Местная валюта,924.9
2013,,Местная валюта,220.6
2014,,Местная валюта,455.7
2015,,Местная валюта,2290.6
2016,,Местная валюта,1006.2
2017,,Местная валюта,1027.4
2018,,Местная валюта,1214.6
2007,Баткен,Португалия,0.358951
2008,Баткен,Португалия,2.126272
2009,Баткен,Португалия,0.40389899999999995
2010,Баткен,Португалия,0.333138
2011,Баткен,Португалия,4.307812
2012,Баткен,Португалия,1.9565740000000003
2013,Баткен,Португалия,0.029689999999999998
2014,Баткен,Португалия,0.25113
2015,Баткен,Португалия,3.438047
2016,Баткен,Португалия,2.2105
2017,Баткен,Португалия,0.753563
2007,Баткен,Местная валюта,17.8
2008,Баткен,Местная валюта,130.4
2009,Баткен,Местная валюта,25.4
2010,Баткен,Местная валюта,26.2
2011,Баткен,Местная валюта,551.4
2012,Баткен,Местная валюта,267.9
2013,Баткен,Местная валюта,4.5
2014,Баткен,Местная валюта,41.6
2015,Баткен,Местная валюта,588.8
2016,Баткен,Местная валюта,376.3
2017,Баткен,Местная валюта,135.0
2018,Баткен,Местная валюта,189.8
2007,Джалал-Абадская область,Португалия,0.41211800000000004
2008,Джалал-Абадская область,Португалия,0.136994
2009,Джалал-Абадская область,Португалия,0.015857
2010,Джалал-Абадская область,Португалия,1.154719
2011,Джалал-Абадская область,Португалия,0.45326400000000006
2012,Джалал-Абадская область,Португалия,1.016425
2013,Джалал-Абадская область,Португалия,0.101309
2014,Джалал-Абадская область,Португалия,0.072479
2015,Джалал-Абадская область,Португалия,0.172868
2016,Джалал-Абадская область,Португалия,0.441517
2017,Джалал-Абадская область,Португалия,0.196222
2007,Джалал-Абадская область,Местная валюта,66.7
2008,Джалал-Абадская область,Местная валюта,31.0
2009,Джалал-Абадская область,Местная валюта,3.7
2010,Джалал-Абадская область,Местная валюта,305.9
2011,Джалал-Абадская область,Местная валюта,148.6
2012,Джалал-Абадская область,Местная валюта,375.2
2013,Джалал-Абадская область,Местная валюта,38.0
2014,Джалал-Абадская область,Местная валюта,31.2
2015,Джалал-Абадская область,Местная валюта,85.1
2016,Джалал-Абадская область,Местная валюта,232.3
2017,Джалал-Абадская область,Местная валюта,120.1
2018,Джалал-Абадская область,Местная валюта,72.9
2007,Иссык-Кульская область,Португалия,0.003239
2008,Иссык-Кульская область,Португалия,0.003293
2009,Иссык-Кульская область,Португалия,0.034457
2010,Иссык-Кульская область,Португалия,0.0016920000000000001
2011,Иссык-Кульская область,Португалия,0.012270999999999999
2012,Иссык-Кульская область,Португалия,0.112102
2013,Иссык-Кульская область,Португалия,0.148306
2014,Иссык-Кульская область,Португалия,0.685858
2015,Иссык-Кульская область,Португалия,0.015296
2016,Иссык-Кульская область,Португалия,0.169567
2017,Иссык-Кульская область,Португалия,0.130728
2007,Иссык-Кульская область,Местная валюта,0.5
2008,Иссык-Кульская область,Местная валюта,0.7
2009,Иссык-Кульская область,Местная валюта,9.5
2010,Иссык-Кульская область,Местная валюта,0.6
2011,Иссык-Кульская область,Местная валюта,5.3
2012,Иссык-Кульская область,Местная валюта,40.4
2013,Иссык-Кульская область,Местная валюта,75.2
2014,Иссык-Кульская область,Местная валюта,356.3
2015,Иссык-Кульская область,Местная валюта,7.7
2016,Иссык-Кульская область,Местная валюта,102.7
2017,Иссык-Кульская область,Местная валюта,84.2
2018,Иссык-Кульская область,Местная валюта,74.2
2007,Нарынская область,Португалия,0.009569
2008,Нарынская область,Португалия,0.035207
2009,Нарынская область,Португалия,0.008456
2010,Нарынская область,Португалия,1.65095
2011,Нарынская область,Португалия,1.5924610000000001
2012,Нарынская область,Португалия,1.562362
2013,Нарынская область,Португалия,0.741692
2014,Нарынская область,Португалия,0.037975999999999996
2015,Нарынская область,Португалия,0.21439499999999997
2016,Нарынская область,Португалия,0.157299
2017,Нарынская область,Португалия,0.09170199999999999
2007,Нарынская область,Местная валюта,0.6
2008,Нарынская область,Местная валюта,2.8
2009,Нарынская область,Местная валюта,0.6
2010,Нарынская область,Местная валюта,120.1
2011,Нарынская область,Местная валюта,121.0
2012,Нарынская область,Местная валюта,141.3
2013,Нарынская область,Местная валюта,72.2
2014,Нарынская область,Местная валюта,4.3
2015,Нарынская область,Местная валюта,27.8
2016,Нарынская область,Местная валюта,22.3
2017,Нарынская область,Местная валюта,12.8
2018,Нарынская область,Местная валюта,1.4
2007,Ошская область,Португалия,0.042933
2008,Ошская область,Португалия,5.639406
2009,Ошская область,Португалия,0.05725499999999999
2010,Ошская область,Португалия,0.198522
2011,Ошская область,Португалия,0.369869
2012,Ошская область,Португалия,0.17834
2013,Ошская область,Португалия,0.010609
2014,Ошская область,Португалия,0.0035700000000000003
2015,Ошская область,Португалия,4.302561
2016,Ошская область,Португалия,0.049422
2017,Ошская область,Португалия,0.702855
2007,Ошская область,Местная валюта,6.3
2008,Ошская область,Местная валюта,1024.9
2009,Ошская область,Местная валюта,10.9
2010,Ошская область,Местная валюта,40.5
2011,Ошская область,Местная валюта,105.0
2012,Ошская область,Местная валюта,48.1
2013,Ошская область,Местная валюта,2.9
2014,Ошская область,Местная валюта,1.1
2015,Ошская область,Местная валюта,1364.2
2016,Ошская область,Местная валюта,16.2
2017,Ошская область,Местная валюта,261.8
2018,Ошская область,Местная валюта,12.4
2007,Таласская область,Португалия,0.21097800000000003
2008,Таласская область,Португалия,0.051951
2009,Таласская область,Португалия,0.405354
2010,Таласская область,Португалия,0.29974
2011,Таласская область,Португалия,0.045176999999999995
2012,Таласская область,Португалия,0.518047
2013,Таласская область,Португалия,0.059489999999999994
2014,Таласская область,Португалия,0.008098000000000001
2015,Таласская область,Португалия,0.061364999999999996
2016,Таласская область,Португалия,0.5173180000000001
2017,Таласская область,Португалия,0.092032
2007,Таласская область,Местная валюта,12.3
2008,Таласская область,Местная валюта,4.4
2009,Таласская область,Местная валюта,24.5
2010,Таласская область,Местная валюта,22.0
2011,Таласская область,Местная валюта,3.0
2012,Таласская область,Местная валюта,49.0
2013,Таласская область,Местная валюта,6.6
2014,Таласская область,Местная валюта,1.1
2015,Таласская область,Местная валюта,8.9
2016,Таласская область,Местная валюта,76.1
2017,Таласская область,Местная валюта,14.7
2018,Таласская область,Местная валюта,0.7
2007,Чуй,Португалия,0.035582
2010,Чуй,Португалия,0.0057009999999999995
2011,Чуй,Португалия,0.01326
2012,Чуй,Португалия,0.004035
2013,Чуй,Португалия,0.029168
2014,Чуй,Португалия,0.033948
2015,Чуй,Португалия,0.033197000000000004
2016,Чуй,Португалия,0.118862
2017,Чуй,Португалия,0.23467800000000003
2007,Чуй,Местная валюта,8.4
2010,Чуй,Местная валюта,1.7
2011,Чуй,Местная валюта,5.6
2012,Чуй,Местная валюта,1.7
2013,Чуй,Местная валюта,14.1
2014,Чуй,Местная валюта,20.0
2015,Чуй,Местная валюта,24.4
2016,Чуй,Местная валюта,93.2
2017,Чуй,Местная валюта,207.5
2018,Чуй,Местная валюта,6.1
2007,Бишкек (город),Португалия,0.063779
2008,Бишкек (город),Португалия,0.060758000000000006
2013,Бишкек (город),Португалия,0.0005099999999999999
2015,Бишкек (город),Португалия,0.028177999999999998
2016,Бишкек (город),Португалия,0.047988
2017,Бишкек (город),Португалия,0.006461
2007,Бишкек (город),Местная валюта,32.2
2008,Бишкек (город),Местная валюта,41.5
2013,Бишкек (город),Местная валюта,0.7
2015,Бишкек (город),Местная валюта,44.7
2016,Бишкек (город),Местная валюта,86.8
2017,Бишкек (город),Местная валюта,129.8
2018,Бишкек (город),Местная валюта,856.9
2007,г. Ош,Португалия,0.01574
2008,г. Ош,Португалия,0.0033710000000000003
2012,г. Ош,Португалия,0.006958
2013,г. Ош,Португалия,0.034602
2015,г. Ош,Португалия,0.6187199999999999
2016,г. Ош,Португалия,0.001192
2017,г. Ош,Португалия,0.202023
2007,г. Ош,Местная валюта,0.7
2008,г. Ош,Местная валюта,0.2
2012,г. Ош,Местная валюта,1.1
2013,г. Ош,Местная валюта,6.3
2015,г. Ош,Местная валюта,139.1
2016,г. Ош,Местная валюта,0.3
2017,г. Ош,Местная валюта,61.5
