Year,concept.COMPOSITE_BREAKDOWN,Value
2013,CL_COMP_BREAKDOWN._L_COFOG_T,86.5
2014,CL_COMP_BREAKDOWN._L_COFOG_T,80.2
2015,CL_COMP_BREAKDOWN._L_COFOG_T,81.8
2016,CL_COMP_BREAKDOWN._L_COFOG_T,80.0
2017,CL_COMP_BREAKDOWN._L_COFOG_T,78.4
2018,CL_COMP_BREAKDOWN._L_COFOG_T,88.7
2013,CL_COMP_BREAKDOWN._L_COFOG_T,13.5
2014,CL_COMP_BREAKDOWN._L_COFOG_T,19.8
2015,CL_COMP_BREAKDOWN._L_COFOG_T,18.2
2016,CL_COMP_BREAKDOWN._L_COFOG_T,20.0
2017,CL_COMP_BREAKDOWN._L_COFOG_T,21.6
2018,CL_COMP_BREAKDOWN._L_COFOG_T,11.3
2013,CL_COMP_BREAKDOWN._L_COFOG_GF04,29.3
2014,CL_COMP_BREAKDOWN._L_COFOG_GF04,24.5
2015,CL_COMP_BREAKDOWN._L_COFOG_GF04,29.2
2016,CL_COMP_BREAKDOWN._L_COFOG_GF04,32.1
2017,CL_COMP_BREAKDOWN._L_COFOG_GF04,24.0
2018,CL_COMP_BREAKDOWN._L_COFOG_GF04,41.5
2013,CL_COMP_BREAKDOWN._L_COFOG_GF04,70.7
2014,CL_COMP_BREAKDOWN._L_COFOG_GF04,75.5
2015,CL_COMP_BREAKDOWN._L_COFOG_GF04,70.8
2016,CL_COMP_BREAKDOWN._L_COFOG_GF04,67.9
2017,CL_COMP_BREAKDOWN._L_COFOG_GF04,76.0
2018,CL_COMP_BREAKDOWN._L_COFOG_GF04,58.5
2013,CL_COMP_BREAKDOWN._L_COFOG_GF07,96.5
2014,CL_COMP_BREAKDOWN._L_COFOG_GF07,97.6
2015,CL_COMP_BREAKDOWN._L_COFOG_GF07,97.6
2016,CL_COMP_BREAKDOWN._L_COFOG_GF07,98.6
2017,CL_COMP_BREAKDOWN._L_COFOG_GF07,94.2
2018,CL_COMP_BREAKDOWN._L_COFOG_GF07,95.5
2013,CL_COMP_BREAKDOWN._L_COFOG_GF07,3.5
2014,CL_COMP_BREAKDOWN._L_COFOG_GF07,2.4
2015,CL_COMP_BREAKDOWN._L_COFOG_GF07,2.4
2016,CL_COMP_BREAKDOWN._L_COFOG_GF07,1.4
2017,CL_COMP_BREAKDOWN._L_COFOG_GF07,5.8
2018,CL_COMP_BREAKDOWN._L_COFOG_GF07,4.5
2013,CL_COMP_BREAKDOWN._L_COFOG_GF09,92.2
2014,CL_COMP_BREAKDOWN._L_COFOG_GF09,89.6
2015,CL_COMP_BREAKDOWN._L_COFOG_GF09,90.6
2016,CL_COMP_BREAKDOWN._L_COFOG_GF09,84.8
2017,CL_COMP_BREAKDOWN._L_COFOG_GF09,90.4
2018,CL_COMP_BREAKDOWN._L_COFOG_GF09,91.6
2013,CL_COMP_BREAKDOWN._L_COFOG_GF09,7.8
2014,CL_COMP_BREAKDOWN._L_COFOG_GF09,10.4
2015,CL_COMP_BREAKDOWN._L_COFOG_GF09,9.4
2016,CL_COMP_BREAKDOWN._L_COFOG_GF09,15.2
2017,CL_COMP_BREAKDOWN._L_COFOG_GF09,9.6
2018,CL_COMP_BREAKDOWN._L_COFOG_GF09,8.4
2013,CL_COMP_BREAKDOWN._L_COFOG_GF06,94.3
2014,CL_COMP_BREAKDOWN._L_COFOG_GF06,89.4
2015,CL_COMP_BREAKDOWN._L_COFOG_GF06,91.7
2016,CL_COMP_BREAKDOWN._L_COFOG_GF06,99.4
2017,CL_COMP_BREAKDOWN._L_COFOG_GF06,90.1
2018,CL_COMP_BREAKDOWN._L_COFOG_GF06,95.1
2013,CL_COMP_BREAKDOWN._L_COFOG_GF06,5.7
2014,CL_COMP_BREAKDOWN._L_COFOG_GF06,10.6
2015,CL_COMP_BREAKDOWN._L_COFOG_GF06,8.3
2016,CL_COMP_BREAKDOWN._L_COFOG_GF06,0.6
2017,CL_COMP_BREAKDOWN._L_COFOG_GF06,9.9
2018,CL_COMP_BREAKDOWN._L_COFOG_GF06,4.9
