Year,concept.REF_AREA,concept.SEX,Value
2007,,,93
2008,,,281
2009,,,71
2010,,,158
2011,,,140
2012,,,99
2013,,,95
2014,,,62
2015,,,53
2016,,,47
2017,,,141
2018,,,18
2007,,Мужчины,74
2008,,Мужчины,184
2009,,Мужчины,48
2010,,Мужчины,106
2011,,Мужчины,93
2012,,Мужчины,65
2013,,Мужчины,62
2014,,Мужчины,39
2015,,Мужчины,33
2016,,Мужчины,37
2017,,Мужчины,85
2018,,Мужчины,14
2007,,Женщины,19
2008,,Женщины,97
2009,,Женщины,23
2010,,Женщины,52
2011,,Женщины,47
2012,,Женщины,34
2013,,Женщины,33
2014,,Женщины,23
2015,,Женщины,20
2016,,Женщины,10
2017,,Женщины,56
2018,,Женщины,4
2007,Баткен,,8
2008,Баткен,,9
2010,Баткен,,15
2011,Баткен,,7
2012,Баткен,,9
2013,Баткен,,3
2014,Баткен,,3
2015,Баткен,,1
2016,Баткен,,9
2007,Баткен,Мужчины,6
2008,Баткен,Мужчины,9
2010,Баткен,Мужчины,11
2011,Баткен,Мужчины,4
2012,Баткен,Мужчины,7
2013,Баткен,Мужчины,3
2014,Баткен,Мужчины,3
2015,Баткен,Мужчины,1
2016,Баткен,Мужчины,7
2007,Баткен,Женщины,2
2010,Баткен,Женщины,4
2011,Баткен,Женщины,3
2012,Баткен,Женщины,2
2016,Баткен,Женщины,2
2007,Джалал-Абадская область,,5
2008,Джалал-Абадская область,,25
2009,Джалал-Абадская область,,39
2010,Джалал-Абадская область,,32
2011,Джалал-Абадская область,,35
2012,Джалал-Абадская область,,33
2013,Джалал-Абадская область,,31
2014,Джалал-Абадская область,,17
2015,Джалал-Абадская область,,11
2016,Джалал-Абадская область,,13
2017,Джалал-Абадская область,,43
2018,Джалал-Абадская область,,4
2007,Джалал-Абадская область,Мужчины,5
2008,Джалал-Абадская область,Мужчины,18
2009,Джалал-Абадская область,Мужчины,27
2010,Джалал-Абадская область,Мужчины,21
2011,Джалал-Абадская область,Мужчины,27
2012,Джалал-Абадская область,Мужчины,17
2013,Джалал-Абадская область,Мужчины,22
2014,Джалал-Абадская область,Мужчины,11
2015,Джалал-Абадская область,Мужчины,5
2016,Джалал-Абадская область,Мужчины,9
2017,Джалал-Абадская область,Мужчины,29
2018,Джалал-Абадская область,Мужчины,4
2008,Джалал-Абадская область,Женщины,7
2009,Джалал-Абадская область,Женщины,12
2010,Джалал-Абадская область,Женщины,11
2011,Джалал-Абадская область,Женщины,8
2012,Джалал-Абадская область,Женщины,16
2013,Джалал-Абадская область,Женщины,9
2014,Джалал-Абадская область,Женщины,6
2015,Джалал-Абадская область,Женщины,6
2016,Джалал-Абадская область,Женщины,4
2017,Джалал-Абадская область,Женщины,14
2007,Иссык-Кульская область,,14
2008,Иссык-Кульская область,,42
2009,Иссык-Кульская область,,11
2010,Иссык-Кульская область,,15
2011,Иссык-Кульская область,,17
2012,Иссык-Кульская область,,4
2013,Иссык-Кульская область,,21
2014,Иссык-Кульская область,,25
2015,Иссык-Кульская область,,6
2016,Иссык-Кульская область,,2
2017,Иссык-Кульская область,,6
2018,Иссык-Кульская область,,2
2007,Иссык-Кульская область,Мужчины,10
2008,Иссык-Кульская область,Мужчины,26
2009,Иссык-Кульская область,Мужчины,7
2010,Иссык-Кульская область,Мужчины,10
2011,Иссык-Кульская область,Мужчины,9
2012,Иссык-Кульская область,Мужчины,4
2013,Иссык-Кульская область,Мужчины,13
2014,Иссык-Кульская область,Мужчины,16
2015,Иссык-Кульская область,Мужчины,5
2016,Иссык-Кульская область,Мужчины,1
2017,Иссык-Кульская область,Мужчины,6
2007,Иссык-Кульская область,Женщины,4
2008,Иссык-Кульская область,Женщины,16
2009,Иссык-Кульская область,Женщины,4
2010,Иссык-Кульская область,Женщины,5
2011,Иссык-Кульская область,Женщины,8
2013,Иссык-Кульская область,Женщины,8
2014,Иссык-Кульская область,Женщины,9
2015,Иссык-Кульская область,Женщины,1
2016,Иссык-Кульская область,Женщины,1
2007,Нарынская область,,5
2008,Нарынская область,,6
2010,Нарынская область,,7
2012,Нарынская область,,5
2013,Нарынская область,,8
2014,Нарынская область,,2
2015,Нарынская область,,9
2016,Нарынская область,,1
2017,Нарынская область,,2
2007,Нарынская область,Мужчины,4
2008,Нарынская область,Мужчины,4
2010,Нарынская область,Мужчины,4
2012,Нарынская область,Мужчины,4
2013,Нарынская область,Мужчины,5
2014,Нарынская область,Мужчины,2
2015,Нарынская область,Мужчины,6
2016,Нарынская область,Мужчины,1
2017,Нарынская область,Мужчины,2
2007,Нарынская область,Женщины,1
2008,Нарынская область,Женщины,2
2010,Нарынская область,Женщины,3
2012,Нарынская область,Женщины,1
2013,Нарынская область,Женщины,3
2015,Нарынская область,Женщины,3
2007,Ошская область,,6
2008,Ошская область,,96
2009,Ошская область,,2
2010,Ошская область,,19
2011,Ошская область,,11
2012,Ошская область,,22
2013,Ошская область,,5
2015,Ошская область,,10
2016,Ошская область,,1
2017,Ошская область,,35
2018,Ошская область,,1
2007,Ошская область,Мужчины,6
2008,Ошская область,Мужчины,50
2009,Ошская область,Мужчины,2
2010,Ошская область,Мужчины,12
2011,Ошская область,Мужчины,6
2012,Ошская область,Мужчины,16
2013,Ошская область,Мужчины,3
2015,Ошская область,Мужчины,7
2016,Ошская область,Мужчины,1
2017,Ошская область,Мужчины,17
2018,Ошская область,Мужчины,1
2008,Ошская область,Женщины,46
2010,Ошская область,Женщины,7
2011,Ошская область,Женщины,5
2012,Ошская область,Женщины,6
2013,Ошская область,Женщины,2
2015,Ошская область,Женщины,3
2017,Ошская область,Женщины,18
2007,Таласская область,,1
2010,Таласская область,,4
2011,Таласская область,,6
2013,Таласская область,,5
2007,Таласская область,Мужчины,1
2010,Таласская область,Мужчины,3
2011,Таласская область,Мужчины,4
2013,Таласская область,Мужчины,4
2010,Таласская область,Женщины,1
2011,Таласская область,Женщины,2
2013,Таласская область,Женщины,1
2007,Чуй,,35
2008,Чуй,,102
2009,Чуй,,19
2010,Чуй,,46
2011,Чуй,,41
2012,Чуй,,23
2013,Чуй,,22
2014,Чуй,,13
2015,Чуй,,15
2016,Чуй,,14
2017,Чуй,,55
2018,Чуй,,10
2007,Чуй,Мужчины,28
2008,Чуй,Мужчины,76
2009,Чуй,Мужчины,12
2010,Чуй,Мужчины,32
2011,Чуй,Мужчины,30
2012,Чуй,Мужчины,15
2013,Чуй,Мужчины,12
2014,Чуй,Мужчины,7
2015,Чуй,Мужчины,8
2016,Чуй,Мужчины,11
2017,Чуй,Мужчины,31
2018,Чуй,Мужчины,7
2007,Чуй,Женщины,7
2008,Чуй,Женщины,26
2009,Чуй,Женщины,7
2010,Чуй,Женщины,14
2011,Чуй,Женщины,11
2012,Чуй,Женщины,8
2013,Чуй,Женщины,10
2014,Чуй,Женщины,6
2015,Чуй,Женщины,7
2016,Чуй,Женщины,3
2017,Чуй,Женщины,24
2018,Чуй,Женщины,3
2007,Бишкек (город),,12
2008,Бишкек (город),,1
2010,Бишкек (город),,14
2011,Бишкек (город),,19
2012,Бишкек (город),,3
2014,Бишкек (город),,2
2016,Бишкек (город),,7
2007,Бишкек (город),Мужчины,9
2008,Бишкек (город),Мужчины,1
2010,Бишкек (город),Мужчины,9
2011,Бишкек (город),Мужчины,11
2012,Бишкек (город),Мужчины,2
2016,Бишкек (город),Мужчины,7
2007,Бишкек (город),Женщины,3
2010,Бишкек (город),Женщины,5
2011,Бишкек (город),Женщины,8
2012,Бишкек (город),Женщины,1
2014,Бишкек (город),Женщины,2
2007,г. Ош,,7
2010,г. Ош,,6
2011,г. Ош,,4
2015,г. Ош,,1
2018,г. Ош,,1
2007,г. Ош,Мужчины,5
2010,г. Ош,Мужчины,4
2011,г. Ош,Мужчины,2
2015,г. Ош,Мужчины,1
2018,г. Ош,Мужчины,1
2007,г. Ош,Женщины,2
2010,г. Ош,Женщины,2
2011,г. Ош,Женщины,2
