Year,concept.REF_AREA,concept.SEX,concept.AGE,concept.URBANISATION,concept.INCOME_WEALTH_QUANTILE,concept.EDUCATION_LEV,Value
2014,,,,,,,12.9
2018,,,,,,,11.8
2014,Баткен,,,,,,13.6
2018,Баткен,,,,,,11.9
2014,Джалал-Абадская область,,,,,,21.3
2018,Джалал-Абадская область,,,,,,15.5
2014,Иссык-Кульская область,,,,,,14.1
2018,Иссык-Кульская область,,,,,,14.2
2014,Нарынская область,,,,,,16.4
2018,Нарынская область,,,,,,6.5
2014,Ошская область,,,,,,10.6
2018,Ошская область,,,,,,13.7
2014,Таласская область,,,,,,11.0
2018,Таласская область,,,,,,10.0
2014,Чуй,,,,,,7.6
2018,Чуй,,,,,,10.1
2014,Бишкек (город),,,,,,7.6
2018,Бишкек (город),,,,,,5.9
2014,г. Ош,,,,,,12.1
2018,г. Ош,,,,,,10.9
2014,,Смоделированные данные,,,,,13.8
2018,,Смоделированные данные,,,,,12.5
2014,,Женщины,,,,,12.0
2018,,Женщины,,,,,10.9
2014,,,,Городское,,,11.8
2018,,,,Городское,,,8.8
2014,,,,Региональный ,,,13.4
2018,,,,Региональный ,,,13.1
2014,,,от 0 до 5 месяцев,,,,5.3
2018,,,от 0 до 5 месяцев,,,,5.4
2014,,,от 6 до 11 месяцев,,,,7.2
2018,,,от 6 до 11 месяцев,,,,9.3
2014,,,от 12 до 17 месяцев,,,,11.2
2018,,,от 12 до 17 месяцев,,,,12.1
2014,,,от 18 до 23 месяцев,,,,18.2
2018,,,от 18 до 23 месяцев,,,,17.2
2014,,,от 24 до 35 месяцев,,,,18.6
2018,,,от 24 до 35 месяцев,,,,13.2
2014,,,от 3 до 4 лет,,,,14.6
2018,,,от 3 до 4 лет,,,,11.2
2014,,,от 48 до 59 месяцев,,,,10.5
2018,,,от 48 до 59 месяцев,,,,12.7
2014,,Женщины,,,,Дошкольное образование,26.5
2014,,Женщины,,,,Начальное образование,17.1
2018,,Женщины,,,,Начальное образование,14.8
2014,,Женщины,,,,Первый этап среднего образования,13.5
2018,,Женщины,,,,Первый этап среднего образования,12.0
2014,,Женщины,,,,Второй этап среднего образования,11.8
2018,,Женщины,,,,Второй этап среднего образования,12.2
2014,,Женщины,,,,Послесреднее нетретичное образование,9.8
2018,,Женщины,,,,Послесреднее нетретичное образование,10.0
2014,,,,,Квинтиль 1 (беднейшие),,17.7
2018,,,,,Квинтиль 1 (беднейшие),,14.0
2014,,,,,Квинтиль 2,,14.2
2018,,,,,Квинтиль 2,,13.8
2014,,,,,Квинтиль 3,,10.1
2018,,,,,Квинтиль 3,,12.0
2014,,,,,Квинтиль 4,,10.7
2018,,,,,Квинтиль 4,,8.2
2014,,,,,Квинтиль 5 (богатейшие),,10.7
2018,,,,,Квинтиль 5 (богатейшие),,9.2
