Year,concept.REF_AREA,concept.SEX,Value
2007,,,115.478276
2008,,,106.34008200000001
2009,,,103.932976
2010,,,101.138775
2011,,,100.367124
2012,,,104.34219399999999
2013,,,102.43271999999999
2014,,,101.065558
2015,,,98.249685
2016,,,93.423511
2017,,,90.6
2018,,,83.01288199999999
2007,,CL_SEX.F,91.061332
2008,,CL_SEX.F,85.80910300000001
2009,,CL_SEX.F,85.417204
2010,,CL_SEX.F,84.9
2011,,CL_SEX.F,81.94725
2012,,CL_SEX.F,85.223608
2013,,CL_SEX.F,87.8
2014,,CL_SEX.F,88.7
2015,,CL_SEX.F,83.7
2016,,CL_SEX.F,81.7
2017,,CL_SEX.F,77.7
2018,,CL_SEX.F,69.02199
2007,,CL_SEX.M,140.46199
2008,,CL_SEX.M,127.33842299999999
2009,,CL_SEX.M,122.936319
2010,,CL_SEX.M,117.8
2011,,CL_SEX.M,119.25600700000001
2012,,CL_SEX.M,123.92298400000001
2013,,CL_SEX.M,117.4
2014,,CL_SEX.M,113.7
2015,,CL_SEX.M,113.1
2016,,CL_SEX.M,105.3
2017,,CL_SEX.M,103.8
2018,,CL_SEX.M,97.23429200000001
2007,CL_AREA.KG05,,80.315042
2008,CL_AREA.KG05,,81.679899
2009,CL_AREA.KG05,,82.704723
2010,CL_AREA.KG05,,81.83755
2011,CL_AREA.KG05,,78.880836
2012,CL_AREA.KG05,,90.334237
2013,CL_AREA.KG05,,90.032265
2014,CL_AREA.KG05,,86.073371
2015,CL_AREA.KG05,,72.743563
2016,CL_AREA.KG05,,67.061001
2017,CL_AREA.KG05,,70.8
2018,CL_AREA.KG05,,64.887679
2007,CL_AREA.KG05,CL_SEX.F,70.837249
2008,CL_AREA.KG05,CL_SEX.F,67.32306700000001
2009,CL_AREA.KG05,CL_SEX.F,81.332337
2010,CL_AREA.KG05,CL_SEX.F,62.3
2011,CL_AREA.KG05,CL_SEX.F,63.9
2012,CL_AREA.KG05,CL_SEX.F,79.7
2013,CL_AREA.KG05,CL_SEX.F,81.0
2014,CL_AREA.KG05,CL_SEX.F,78.8
2015,CL_AREA.KG05,CL_SEX.F,63.1
2016,CL_AREA.KG05,CL_SEX.F,66.6
2017,CL_AREA.KG05,CL_SEX.F,65.7
2018,CL_AREA.KG05,CL_SEX.F,60.420827
2007,CL_AREA.KG05,CL_SEX.M,89.74509599999999
2008,CL_AREA.KG05,CL_SEX.M,95.98673000000001
2009,CL_AREA.KG05,CL_SEX.M,84.03016
2010,CL_AREA.KG05,CL_SEX.M,100.8
2011,CL_AREA.KG05,CL_SEX.M,93.4
2012,CL_AREA.KG05,CL_SEX.M,100.7
2013,CL_AREA.KG05,CL_SEX.M,98.8
2014,CL_AREA.KG05,CL_SEX.M,93.2
2015,CL_AREA.KG05,CL_SEX.M,82.0
2016,CL_AREA.KG05,CL_SEX.M,67.5
2017,CL_AREA.KG05,CL_SEX.M,75.7
2018,CL_AREA.KG05,CL_SEX.M,69.19237700000001
2007,CL_AREA.KG03,,91.916186
2008,CL_AREA.KG03,,88.33931199999999
2009,CL_AREA.KG03,,87.78748900000001
2010,CL_AREA.KG03,,85.931674
2011,CL_AREA.KG03,,82.549369
2012,CL_AREA.KG03,,86.910818
2013,CL_AREA.KG03,,80.886516
2014,CL_AREA.KG03,,85.34428
2015,CL_AREA.KG03,,76.512241
2016,CL_AREA.KG03,,84.915163
2017,CL_AREA.KG03,,80.2
2018,CL_AREA.KG03,,73.346827
2007,CL_AREA.KG03,CL_SEX.F,75.21800999999999
2008,CL_AREA.KG03,CL_SEX.F,71.207543
2009,CL_AREA.KG03,CL_SEX.F,71.79005699999999
2010,CL_AREA.KG03,CL_SEX.F,74.3
2011,CL_AREA.KG03,CL_SEX.F,72.983333
2012,CL_AREA.KG03,CL_SEX.F,75.789204
2013,CL_AREA.KG03,CL_SEX.F,74.3
2014,CL_AREA.KG03,CL_SEX.F,81.8
2015,CL_AREA.KG03,CL_SEX.F,66.2
2016,CL_AREA.KG03,CL_SEX.F,79.5
2017,CL_AREA.KG03,CL_SEX.F,72.8
2018,CL_AREA.KG03,CL_SEX.F,64.089585
2007,CL_AREA.KG03,CL_SEX.M,108.757553
2008,CL_AREA.KG03,CL_SEX.M,105.62176399999998
2009,CL_AREA.KG03,CL_SEX.M,103.75711
2010,CL_AREA.KG03,CL_SEX.M,97.6
2011,CL_AREA.KG03,CL_SEX.M,92.090531
2012,CL_AREA.KG03,CL_SEX.M,97.991089
2013,CL_AREA.KG03,CL_SEX.M,87.5
2014,CL_AREA.KG03,CL_SEX.M,88.8
2015,CL_AREA.KG03,CL_SEX.M,86.7
2016,CL_AREA.KG03,CL_SEX.M,90.3
2017,CL_AREA.KG03,CL_SEX.M,87.5
2018,CL_AREA.KG03,CL_SEX.M,82.492292
2007,CL_AREA.KG02,,74.81839699999999
2008,CL_AREA.KG02,,65.710142
2009,CL_AREA.KG02,,68.260473
2010,CL_AREA.KG02,,67.280621
2011,CL_AREA.KG02,,68.345501
2012,CL_AREA.KG02,,70.114091
2013,CL_AREA.KG02,,69.96319799999999
2014,CL_AREA.KG02,,63.962325
2015,CL_AREA.KG02,,58.459621
2016,CL_AREA.KG02,,60.411218999999996
2017,CL_AREA.KG02,,48.6
2018,CL_AREA.KG02,,48.933537
2007,CL_AREA.KG02,CL_SEX.F,57.509562
2008,CL_AREA.KG02,CL_SEX.F,56.84919
2009,CL_AREA.KG02,CL_SEX.F,57.584509999999995
2010,CL_AREA.KG02,CL_SEX.F,55.0
2011,CL_AREA.KG02,CL_SEX.F,53.747679000000005
2012,CL_AREA.KG02,CL_SEX.F,57.222843000000005
2013,CL_AREA.KG02,CL_SEX.F,57.9
2014,CL_AREA.KG02,CL_SEX.F,51.3
2015,CL_AREA.KG02,CL_SEX.F,48.5
2016,CL_AREA.KG02,CL_SEX.F,53.8
2017,CL_AREA.KG02,CL_SEX.F,34.8
2018,CL_AREA.KG02,CL_SEX.F,34.802403999999996
2007,CL_AREA.KG02,CL_SEX.M,92.654432
2008,CL_AREA.KG02,CL_SEX.M,74.822647
2009,CL_AREA.KG02,CL_SEX.M,79.185677
2010,CL_AREA.KG02,CL_SEX.M,79.8
2011,CL_AREA.KG02,CL_SEX.M,83.206714
2012,CL_AREA.KG02,CL_SEX.M,83.21700799999999
2013,CL_AREA.KG02,CL_SEX.M,82.2
2014,CL_AREA.KG02,CL_SEX.M,76.8
2015,CL_AREA.KG02,CL_SEX.M,68.5
2016,CL_AREA.KG02,CL_SEX.M,67.1
2017,CL_AREA.KG02,CL_SEX.M,62.4
2018,CL_AREA.KG02,CL_SEX.M,63.187107999999995
2007,CL_AREA.KG04,,89.134835
2008,CL_AREA.KG04,,101.241128
2009,CL_AREA.KG04,,97.171948
2010,CL_AREA.KG04,,103.928178
2011,CL_AREA.KG04,,95.24098599999999
2012,CL_AREA.KG04,,105.056599
2013,CL_AREA.KG04,,90.465191
2014,CL_AREA.KG04,,98.190078
2015,CL_AREA.KG04,,84.752208
2016,CL_AREA.KG04,,77.322632
2017,CL_AREA.KG04,,59.5
2018,CL_AREA.KG04,,67.95977099999999
2007,CL_AREA.KG04,CL_SEX.F,73.136894
2008,CL_AREA.KG04,CL_SEX.F,93.896008
2009,CL_AREA.KG04,CL_SEX.F,87.733728
2010,CL_AREA.KG04,CL_SEX.F,85.5
2011,CL_AREA.KG04,CL_SEX.F,86.159148
2012,CL_AREA.KG04,CL_SEX.F,83.765487
2013,CL_AREA.KG04,CL_SEX.F,76.0
2014,CL_AREA.KG04,CL_SEX.F,87.0
2015,CL_AREA.KG04,CL_SEX.F,75.0
2016,CL_AREA.KG04,CL_SEX.F,63.3
2017,CL_AREA.KG04,CL_SEX.F,49.0
2018,CL_AREA.KG04,CL_SEX.F,47.075606
2007,CL_AREA.KG04,CL_SEX.M,104.664525
2008,CL_AREA.KG04,CL_SEX.M,108.341574
2009,CL_AREA.KG04,CL_SEX.M,106.394379
2010,CL_AREA.KG04,CL_SEX.M,121.9
2011,CL_AREA.KG04,CL_SEX.M,104.08086899999999
2012,CL_AREA.KG04,CL_SEX.M,125.735925
2013,CL_AREA.KG04,CL_SEX.M,104.4
2014,CL_AREA.KG04,CL_SEX.M,109.0
2015,CL_AREA.KG04,CL_SEX.M,94.2
2016,CL_AREA.KG04,CL_SEX.M,91.0
2017,CL_AREA.KG04,CL_SEX.M,69.6
2018,CL_AREA.KG04,CL_SEX.M,88.116038
2007,CL_AREA.KG06,,102.866708
2008,CL_AREA.KG06,,97.93956999999999
2009,CL_AREA.KG06,,99.50311500000001
2010,CL_AREA.KG06,,90.272855
2011,CL_AREA.KG06,,86.981785
2012,CL_AREA.KG06,,89.531841
2013,CL_AREA.KG06,,97.42358399999999
2014,CL_AREA.KG06,,90.681619
2015,CL_AREA.KG06,,91.23786899999999
2016,CL_AREA.KG06,,83.857442
2017,CL_AREA.KG06,,84.4
2018,CL_AREA.KG06,,75.003106
2007,CL_AREA.KG06,CL_SEX.F,85.479058
2008,CL_AREA.KG06,CL_SEX.F,79.853854
2009,CL_AREA.KG06,CL_SEX.F,84.498903
2010,CL_AREA.KG06,CL_SEX.F,83.3
2011,CL_AREA.KG06,CL_SEX.F,78.306875
2012,CL_AREA.KG06,CL_SEX.F,79.852654
2013,CL_AREA.KG06,CL_SEX.F,89.2
2014,CL_AREA.KG06,CL_SEX.F,82.7
2015,CL_AREA.KG06,CL_SEX.F,83.8
2016,CL_AREA.KG06,CL_SEX.F,78.4
2017,CL_AREA.KG06,CL_SEX.F,73.3
2018,CL_AREA.KG06,CL_SEX.F,68.791282
2007,CL_AREA.KG06,CL_SEX.M,120.17593500000001
2008,CL_AREA.KG06,CL_SEX.M,115.96536599999999
2009,CL_AREA.KG06,CL_SEX.M,114.26834299999999
2010,CL_AREA.KG06,CL_SEX.M,97.1
2011,CL_AREA.KG06,CL_SEX.M,95.537626
2012,CL_AREA.KG06,CL_SEX.M,99.072585
2013,CL_AREA.KG06,CL_SEX.M,105.5
2014,CL_AREA.KG06,CL_SEX.M,98.5
2015,CL_AREA.KG06,CL_SEX.M,98.5
2016,CL_AREA.KG06,CL_SEX.M,89.2
2017,CL_AREA.KG06,CL_SEX.M,95.3
2018,CL_AREA.KG06,CL_SEX.M,81.086922
2007,CL_AREA.KG07,,109.772016
2008,CL_AREA.KG07,,98.863075
2009,CL_AREA.KG07,,98.836801
2010,CL_AREA.KG07,,105.89956000000001
2011,CL_AREA.KG07,,107.889182
2012,CL_AREA.KG07,,96.876369
2013,CL_AREA.KG07,,106.455247
2014,CL_AREA.KG07,,101.92599399999999
2015,CL_AREA.KG07,,95.886509
2016,CL_AREA.KG07,,83.723318
2017,CL_AREA.KG07,,73.9
2018,CL_AREA.KG07,,59.722977
2007,CL_AREA.KG07,CL_SEX.F,86.911498
2008,CL_AREA.KG07,CL_SEX.F,90.931636
2009,CL_AREA.KG07,CL_SEX.F,76.560919
2010,CL_AREA.KG07,CL_SEX.F,87.0
2011,CL_AREA.KG07,CL_SEX.F,90.31325799999999
2012,CL_AREA.KG07,CL_SEX.F,85.593946
2013,CL_AREA.KG07,CL_SEX.F,89.3
2014,CL_AREA.KG07,CL_SEX.F,89.6
2015,CL_AREA.KG07,CL_SEX.F,81.0
2016,CL_AREA.KG07,CL_SEX.F,67.0
2017,CL_AREA.KG07,CL_SEX.F,66.0
2018,CL_AREA.KG07,CL_SEX.F,46.443942
2007,CL_AREA.KG07,CL_SEX.M,132.527127
2008,CL_AREA.KG07,CL_SEX.M,106.730401
2009,CL_AREA.KG07,CL_SEX.M,121.03776699999999
2010,CL_AREA.KG07,CL_SEX.M,124.6
2011,CL_AREA.KG07,CL_SEX.M,125.307942
2012,CL_AREA.KG07,CL_SEX.M,108.024821
2013,CL_AREA.KG07,CL_SEX.M,123.4
2014,CL_AREA.KG07,CL_SEX.M,114.1
2015,CL_AREA.KG07,CL_SEX.M,110.5
2016,CL_AREA.KG07,CL_SEX.M,100.1
2017,CL_AREA.KG07,CL_SEX.M,81.6
2018,CL_AREA.KG07,CL_SEX.M,72.71735699999999
2007,CL_AREA.KG08,,158.506191
2008,CL_AREA.KG08,,166.836568
2009,CL_AREA.KG08,,155.18168899999998
2010,CL_AREA.KG08,,154.517607
2011,CL_AREA.KG08,,158.53919199999999
2012,CL_AREA.KG08,,156.78039099999998
2013,CL_AREA.KG08,,144.320612
2014,CL_AREA.KG08,,129.231041
2015,CL_AREA.KG08,,141.654663
2016,CL_AREA.KG08,,135.218207
2017,CL_AREA.KG08,,136.2
2018,CL_AREA.KG08,,124.217601
2007,CL_AREA.KG08,CL_SEX.F,125.927217
2008,CL_AREA.KG08,CL_SEX.F,125.534299
2009,CL_AREA.KG08,CL_SEX.F,117.922225
2010,CL_AREA.KG08,CL_SEX.F,125.0
2011,CL_AREA.KG08,CL_SEX.F,112.21888200000001
2012,CL_AREA.KG08,CL_SEX.F,111.42140500000001
2013,CL_AREA.KG08,CL_SEX.F,108.3
2014,CL_AREA.KG08,CL_SEX.F,108.3
2015,CL_AREA.KG08,CL_SEX.F,118.6
2016,CL_AREA.KG08,CL_SEX.F,111.0
2017,CL_AREA.KG08,CL_SEX.F,108.3
2018,CL_AREA.KG08,CL_SEX.F,99.197956
2007,CL_AREA.KG08,CL_SEX.M,191.988363
2008,CL_AREA.KG08,CL_SEX.M,209.227296
2009,CL_AREA.KG08,CL_SEX.M,193.791585
2010,CL_AREA.KG08,CL_SEX.M,185.1
2011,CL_AREA.KG08,CL_SEX.M,206.421677
2012,CL_AREA.KG08,CL_SEX.M,203.602691
2013,CL_AREA.KG08,CL_SEX.M,181.5
2014,CL_AREA.KG08,CL_SEX.M,150.8
2015,CL_AREA.KG08,CL_SEX.M,165.4
2016,CL_AREA.KG08,CL_SEX.M,160.2
2017,CL_AREA.KG08,CL_SEX.M,165.0
2018,CL_AREA.KG08,CL_SEX.M,150.009376
2007,CL_AREA.KG11,,174.387607
2008,CL_AREA.KG11,,123.075571
2009,CL_AREA.KG11,,114.473037
2010,CL_AREA.KG11,,113.11275800000001
2011,CL_AREA.KG11,,114.984154
2012,CL_AREA.KG11,,123.691851
2013,CL_AREA.KG11,,126.393198
2014,CL_AREA.KG11,,133.511493
2015,CL_AREA.KG11,,132.924152
2016,CL_AREA.KG11,,114.6052
2017,CL_AREA.KG11,,113.1
2018,CL_AREA.KG11,,102.592405
2007,CL_AREA.KG11,CL_SEX.F,121.38989099999999
2008,CL_AREA.KG11,CL_SEX.F,101.464217
2009,CL_AREA.KG11,CL_SEX.F,90.39282
2010,CL_AREA.KG11,CL_SEX.F,91.9
2011,CL_AREA.KG11,CL_SEX.F,90.229385
2012,CL_AREA.KG11,CL_SEX.F,97.405136
2013,CL_AREA.KG11,CL_SEX.F,110.2
2014,CL_AREA.KG11,CL_SEX.F,108.1
2015,CL_AREA.KG11,CL_SEX.F,103.1
2016,CL_AREA.KG11,CL_SEX.F,92.2
2017,CL_AREA.KG11,CL_SEX.F,91.3
2018,CL_AREA.KG11,CL_SEX.F,75.045722
2007,CL_AREA.KG11,CL_SEX.M,232.39882599999999
2008,CL_AREA.KG11,CL_SEX.M,146.69989099999998
2009,CL_AREA.KG11,CL_SEX.M,142.327909
2010,CL_AREA.KG11,CL_SEX.M,137.6
2011,CL_AREA.KG11,CL_SEX.M,143.52973899999998
2012,CL_AREA.KG11,CL_SEX.M,153.949048
2013,CL_AREA.KG11,CL_SEX.M,145.0
2014,CL_AREA.KG11,CL_SEX.M,162.1
2015,CL_AREA.KG11,CL_SEX.M,167.0
2016,CL_AREA.KG11,CL_SEX.M,140.2
2017,CL_AREA.KG11,CL_SEX.M,137.8
2018,CL_AREA.KG11,CL_SEX.M,133.887972
2007,CL_AREA.KG21,,103.296686
2008,CL_AREA.KG21,,99.531522
2009,CL_AREA.KG21,,99.784188
2010,CL_AREA.KG21,,85.444525
2011,CL_AREA.KG21,,88.724902
2012,CL_AREA.KG21,,98.39240799999999
2013,CL_AREA.KG21,,83.705251
2014,CL_AREA.KG21,,103.082002
2015,CL_AREA.KG21,,89.736358
2016,CL_AREA.KG21,,92.52618000000001
2017,CL_AREA.KG21,,89.7
2018,CL_AREA.KG21,,84.314452
2007,CL_AREA.KG21,CL_SEX.F,83.113365
2008,CL_AREA.KG21,CL_SEX.F,63.749058999999995
2009,CL_AREA.KG21,CL_SEX.F,82.603422
2010,CL_AREA.KG21,CL_SEX.F,68.0
2011,CL_AREA.KG21,CL_SEX.F,75.03507900000001
2012,CL_AREA.KG21,CL_SEX.F,78.139535
2013,CL_AREA.KG21,CL_SEX.F,64.4
2014,CL_AREA.KG21,CL_SEX.F,92.2
2015,CL_AREA.KG21,CL_SEX.F,78.5
2016,CL_AREA.KG21,CL_SEX.F,77.6
2017,CL_AREA.KG21,CL_SEX.F,75.3
2018,CL_AREA.KG21,CL_SEX.F,83.024189
2007,CL_AREA.KG21,CL_SEX.M,125.184647
2008,CL_AREA.KG21,CL_SEX.M,138.35178
2009,CL_AREA.KG21,CL_SEX.M,118.375597
2010,CL_AREA.KG21,CL_SEX.M,104.4
2011,CL_AREA.KG21,CL_SEX.M,103.609189
2012,CL_AREA.KG21,CL_SEX.M,120.37972099999999
2013,CL_AREA.KG21,CL_SEX.M,104.5
2014,CL_AREA.KG21,CL_SEX.M,114.8
2015,CL_AREA.KG21,CL_SEX.M,101.8
2016,CL_AREA.KG21,CL_SEX.M,108.5
2017,CL_AREA.KG21,CL_SEX.M,105.2
2018,CL_AREA.KG21,CL_SEX.M,85.689803
