Year,concept.REF_AREA,concept.COMPOSITE_BREAKDOWN,Value
2007,,code.NCD_CARDIO,349.7
2008,,code.NCD_CARDIO,346.3
2009,,code.NCD_CARDIO,326.5
2010,,code.NCD_CARDIO,323.9
2011,,code.NCD_CARDIO,326.3
2012,,code.NCD_CARDIO,331.2
2013,,code.NCD_CARDIO,308.2
2014,,code.NCD_CARDIO,307.0
2015,,code.NCD_CARDIO,297.0
2016,,code.NCD_CARDIO,279.7
2017,,code.NCD_CARDIO,276.0
2007,code.KG05,code.NCD_CARDIO,289.2
2008,code.KG05,code.NCD_CARDIO,295.3
2009,code.KG05,code.NCD_CARDIO,301.8
2010,code.KG05,code.NCD_CARDIO,285.1
2011,code.KG05,code.NCD_CARDIO,305.7
2012,code.KG05,code.NCD_CARDIO,338.2
2013,code.KG05,code.NCD_CARDIO,289.5
2014,code.KG05,code.NCD_CARDIO,283.0
2015,code.KG05,code.NCD_CARDIO,284.8
2016,code.KG05,code.NCD_CARDIO,292.3
2017,code.KG05,code.NCD_CARDIO,284.3
2007,code.KG03,code.NCD_CARDIO,284.4
2008,code.KG03,code.NCD_CARDIO,298.4
2009,code.KG03,code.NCD_CARDIO,278.5
2010,code.KG03,code.NCD_CARDIO,266.2
2011,code.KG03,code.NCD_CARDIO,289.8
2012,code.KG03,code.NCD_CARDIO,286.2
2013,code.KG03,code.NCD_CARDIO,264.6
2014,code.KG03,code.NCD_CARDIO,264.6
2015,code.KG03,code.NCD_CARDIO,268.3
2016,code.KG03,code.NCD_CARDIO,249.0
2017,code.KG03,code.NCD_CARDIO,244.0
2007,code.KG02,code.NCD_CARDIO,425.5
2008,code.KG02,code.NCD_CARDIO,400.8
2009,code.KG02,code.NCD_CARDIO,378.8
2010,code.KG02,code.NCD_CARDIO,391.1
2011,code.KG02,code.NCD_CARDIO,360.5
2012,code.KG02,code.NCD_CARDIO,394.9
2013,code.KG02,code.NCD_CARDIO,385.8
2014,code.KG02,code.NCD_CARDIO,363.0
2015,code.KG02,code.NCD_CARDIO,361.0
2016,code.KG02,code.NCD_CARDIO,328.7
2017,code.KG02,code.NCD_CARDIO,325.9
2007,code.KG04,code.NCD_CARDIO,338.0
2008,code.KG04,code.NCD_CARDIO,314.3
2009,code.KG04,code.NCD_CARDIO,289.6
2010,code.KG04,code.NCD_CARDIO,301.1
2011,code.KG04,code.NCD_CARDIO,326.3
2012,code.KG04,code.NCD_CARDIO,318.2
2013,code.KG04,code.NCD_CARDIO,327.4
2014,code.KG04,code.NCD_CARDIO,317.6
2015,code.KG04,code.NCD_CARDIO,310.0
2016,code.KG04,code.NCD_CARDIO,312.8
2017,code.KG04,code.NCD_CARDIO,302.7
2007,code.KG06,code.NCD_CARDIO,256.5
2008,code.KG06,code.NCD_CARDIO,263.2
2009,code.KG06,code.NCD_CARDIO,278.7
2010,code.KG06,code.NCD_CARDIO,285.1
2011,code.KG06,code.NCD_CARDIO,275.2
2012,code.KG06,code.NCD_CARDIO,281.6
2013,code.KG06,code.NCD_CARDIO,264.4
2014,code.KG06,code.NCD_CARDIO,273.0
2015,code.KG06,code.NCD_CARDIO,265.7
2016,code.KG06,code.NCD_CARDIO,239.0
2017,code.KG06,code.NCD_CARDIO,240.8
2007,code.KG07,code.NCD_CARDIO,361.0
2008,code.KG07,code.NCD_CARDIO,353.3
2009,code.KG07,code.NCD_CARDIO,363.8
2010,code.KG07,code.NCD_CARDIO,333.8
2011,code.KG07,code.NCD_CARDIO,345.0
2012,code.KG07,code.NCD_CARDIO,342.5
2013,code.KG07,code.NCD_CARDIO,309.8
2014,code.KG07,code.NCD_CARDIO,332.7
2015,code.KG07,code.NCD_CARDIO,322.5
2016,code.KG07,code.NCD_CARDIO,288.7
2017,code.KG07,code.NCD_CARDIO,301.9
2007,code.KG08,code.NCD_CARDIO,562.2
2008,code.KG08,code.NCD_CARDIO,553.3
2009,code.KG08,code.NCD_CARDIO,479.6
2010,code.KG08,code.NCD_CARDIO,484.0
2011,code.KG08,code.NCD_CARDIO,467.0
2012,code.KG08,code.NCD_CARDIO,466.9
2013,code.KG08,code.NCD_CARDIO,441.6
2014,code.KG08,code.NCD_CARDIO,430.2
2015,code.KG08,code.NCD_CARDIO,400.8
2016,code.KG08,code.NCD_CARDIO,381.3
2017,code.KG08,code.NCD_CARDIO,377.7
2007,code.KG11,code.NCD_CARDIO,368.8
2008,code.KG11,code.NCD_CARDIO,337.4
2009,code.KG11,code.NCD_CARDIO,303.9
2010,code.KG11,code.NCD_CARDIO,298.3
2011,code.KG11,code.NCD_CARDIO,305.4
2012,code.KG11,code.NCD_CARDIO,297.0
2013,code.KG11,code.NCD_CARDIO,269.6
2014,code.KG11,code.NCD_CARDIO,272.6
2015,code.KG11,code.NCD_CARDIO,253.2
2016,code.KG11,code.NCD_CARDIO,242.5
2017,code.KG11,code.NCD_CARDIO,242.4
2007,code.KG21,code.NCD_CARDIO,248.9
2008,code.KG21,code.NCD_CARDIO,290.1
2009,code.KG21,code.NCD_CARDIO,273.8
2010,code.KG21,code.NCD_CARDIO,268.0
2011,code.KG21,code.NCD_CARDIO,281.9
2012,code.KG21,code.NCD_CARDIO,298.7
2013,code.KG21,code.NCD_CARDIO,266.8
2014,code.KG21,code.NCD_CARDIO,270.1
2015,code.KG21,code.NCD_CARDIO,253.5
2016,code.KG21,code.NCD_CARDIO,248.9
2017,code.KG21,code.NCD_CARDIO,240.4
2007,,code.NCD_CNCR,57.1
2008,,code.NCD_CNCR,58.2
2009,,code.NCD_CNCR,60.7
2010,,code.NCD_CNCR,59.4
2011,,code.NCD_CNCR,61.3
2012,,code.NCD_CNCR,59.4
2013,,code.NCD_CNCR,61.0
2014,,code.NCD_CNCR,64.3
2015,,code.NCD_CNCR,64.5
2016,,code.NCD_CNCR,64.4
2017,,code.NCD_CNCR,62.2
2007,code.KG05,code.NCD_CNCR,32.3
2008,code.KG05,code.NCD_CNCR,26.4
2009,code.KG05,code.NCD_CNCR,30.2
2010,code.KG05,code.NCD_CNCR,33.8
2011,code.KG05,code.NCD_CNCR,33.9
2012,code.KG05,code.NCD_CNCR,33.0
2013,code.KG05,code.NCD_CNCR,32.1
2014,code.KG05,code.NCD_CNCR,35.6
2015,code.KG05,code.NCD_CNCR,42.3
2016,code.KG05,code.NCD_CNCR,38.6
2017,code.KG05,code.NCD_CNCR,32.6
2007,code.KG03,code.NCD_CNCR,36.3
2008,code.KG03,code.NCD_CNCR,42.0
2009,code.KG03,code.NCD_CNCR,47.8
2010,code.KG03,code.NCD_CNCR,46.3
2011,code.KG03,code.NCD_CNCR,51.5
2012,code.KG03,code.NCD_CNCR,47.3
2013,code.KG03,code.NCD_CNCR,49.2
2014,code.KG03,code.NCD_CNCR,51.0
2015,code.KG03,code.NCD_CNCR,52.9
2016,code.KG03,code.NCD_CNCR,54.2
2017,code.KG03,code.NCD_CNCR,50.9
2007,code.KG02,code.NCD_CNCR,74.6
2008,code.KG02,code.NCD_CNCR,72.4
2009,code.KG02,code.NCD_CNCR,78.7
2010,code.KG02,code.NCD_CNCR,73.4
2011,code.KG02,code.NCD_CNCR,74.0
2012,code.KG02,code.NCD_CNCR,84.8
2013,code.KG02,code.NCD_CNCR,81.8
2014,code.KG02,code.NCD_CNCR,85.2
2015,code.KG02,code.NCD_CNCR,89.1
2016,code.KG02,code.NCD_CNCR,83.9
2017,code.KG02,code.NCD_CNCR,80.9
2007,code.KG04,code.NCD_CNCR,70.8
2008,code.KG04,code.NCD_CNCR,72.0
2009,code.KG04,code.NCD_CNCR,72.0
2010,code.KG04,code.NCD_CNCR,66.7
2011,code.KG04,code.NCD_CNCR,81.9
2012,code.KG04,code.NCD_CNCR,63.8
2013,code.KG04,code.NCD_CNCR,78.2
2014,code.KG04,code.NCD_CNCR,82.4
2015,code.KG04,code.NCD_CNCR,89.5
2016,code.KG04,code.NCD_CNCR,88.1
2017,code.KG04,code.NCD_CNCR,81.8
2007,code.KG06,code.NCD_CNCR,38.1
2008,code.KG06,code.NCD_CNCR,36.4
2009,code.KG06,code.NCD_CNCR,40.7
2010,code.KG06,code.NCD_CNCR,40.1
2011,code.KG06,code.NCD_CNCR,43.6
2012,code.KG06,code.NCD_CNCR,43.0
2013,code.KG06,code.NCD_CNCR,43.0
2014,code.KG06,code.NCD_CNCR,50.7
2015,code.KG06,code.NCD_CNCR,50.6
2016,code.KG06,code.NCD_CNCR,49.9
2017,code.KG06,code.NCD_CNCR,49.1
2007,code.KG07,code.NCD_CNCR,47.2
2008,code.KG07,code.NCD_CNCR,54.7
2009,code.KG07,code.NCD_CNCR,59.7
2010,code.KG07,code.NCD_CNCR,66.0
2011,code.KG07,code.NCD_CNCR,59.9
2012,code.KG07,code.NCD_CNCR,58.5
2013,code.KG07,code.NCD_CNCR,68.3
2014,code.KG07,code.NCD_CNCR,68.9
2015,code.KG07,code.NCD_CNCR,60.6
2016,code.KG07,code.NCD_CNCR,70.7
2017,code.KG07,code.NCD_CNCR,62.6
2007,code.KG08,code.NCD_CNCR,88.1
2008,code.KG08,code.NCD_CNCR,91.2
2009,code.KG08,code.NCD_CNCR,95.3
2010,code.KG08,code.NCD_CNCR,89.6
2011,code.KG08,code.NCD_CNCR,92.0
2012,code.KG08,code.NCD_CNCR,91.5
2013,code.KG08,code.NCD_CNCR,88.3
2014,code.KG08,code.NCD_CNCR,92.7
2015,code.KG08,code.NCD_CNCR,82.6
2016,code.KG08,code.NCD_CNCR,94.3
2017,code.KG08,code.NCD_CNCR,91.3
2007,code.KG11,code.NCD_CNCR,82.3
2008,code.KG11,code.NCD_CNCR,82.6
2009,code.KG11,code.NCD_CNCR,75.8
2010,code.KG11,code.NCD_CNCR,78.1
2011,code.KG11,code.NCD_CNCR,69.8
2012,code.KG11,code.NCD_CNCR,67.4
2013,code.KG11,code.NCD_CNCR,69.3
2014,code.KG11,code.NCD_CNCR,73.1
2015,code.KG11,code.NCD_CNCR,76.6
2016,code.KG11,code.NCD_CNCR,66.5
2017,code.KG11,code.NCD_CNCR,69.1
2007,code.KG21,code.NCD_CNCR,46.8
2008,code.KG21,code.NCD_CNCR,50.5
2009,code.KG21,code.NCD_CNCR,50.3
2010,code.KG21,code.NCD_CNCR,46.2
2011,code.KG21,code.NCD_CNCR,58.2
2012,code.KG21,code.NCD_CNCR,50.4
2013,code.KG21,code.NCD_CNCR,64.7
2014,code.KG21,code.NCD_CNCR,52.3
2015,code.KG21,code.NCD_CNCR,51.3
2016,code.KG21,code.NCD_CNCR,54.9
2017,code.KG21,code.NCD_CNCR,53.3
2007,,code.NCD_DIABTS,6.9
2008,,code.NCD_DIABTS,6.8
2009,,code.NCD_DIABTS,6.2
2010,,code.NCD_DIABTS,5.7
2011,,code.NCD_DIABTS,5.8
2012,,code.NCD_DIABTS,5.3
2013,,code.NCD_DIABTS,6.9
2014,,code.NCD_DIABTS,7.2
2015,,code.NCD_DIABTS,6.0
2016,,code.NCD_DIABTS,6.7
2017,,code.NCD_DIABTS,6.8
2007,code.KG05,code.NCD_DIABTS,8.1
2008,code.KG05,code.NCD_DIABTS,5.7
2009,code.KG05,code.NCD_DIABTS,4.6
2010,code.KG05,code.NCD_DIABTS,4.1
2011,code.KG05,code.NCD_DIABTS,3.1
2012,code.KG05,code.NCD_DIABTS,5.5
2013,code.KG05,code.NCD_DIABTS,4.5
2014,code.KG05,code.NCD_DIABTS,5.9
2015,code.KG05,code.NCD_DIABTS,6.2
2016,code.KG05,code.NCD_DIABTS,7.0
2017,code.KG05,code.NCD_DIABTS,6.1
2007,code.KG03,code.NCD_DIABTS,6.6
2008,code.KG03,code.NCD_DIABTS,9.1
2009,code.KG03,code.NCD_DIABTS,8.4
2010,code.KG03,code.NCD_DIABTS,7.7
2011,code.KG03,code.NCD_DIABTS,7.9
2012,code.KG03,code.NCD_DIABTS,7.6
2013,code.KG03,code.NCD_DIABTS,9.6
2014,code.KG03,code.NCD_DIABTS,10.6
2015,code.KG03,code.NCD_DIABTS,9.0
2016,code.KG03,code.NCD_DIABTS,8.6
2017,code.KG03,code.NCD_DIABTS,8.8
2007,code.KG02,code.NCD_DIABTS,10.4
2008,code.KG02,code.NCD_DIABTS,6.2
2009,code.KG02,code.NCD_DIABTS,8.2
2010,code.KG02,code.NCD_DIABTS,8.1
2011,code.KG02,code.NCD_DIABTS,6.9
2012,code.KG02,code.NCD_DIABTS,6.4
2013,code.KG02,code.NCD_DIABTS,9.0
2014,code.KG02,code.NCD_DIABTS,8.9
2015,code.KG02,code.NCD_DIABTS,6.2
2016,code.KG02,code.NCD_DIABTS,7.0
2017,code.KG02,code.NCD_DIABTS,10.4
2007,code.KG04,code.NCD_DIABTS,5.4
2008,code.KG04,code.NCD_DIABTS,3.9
2009,code.KG04,code.NCD_DIABTS,6.6
2010,code.KG04,code.NCD_DIABTS,4.2
2011,code.KG04,code.NCD_DIABTS,6.1
2012,code.KG04,code.NCD_DIABTS,3.8
2013,code.KG04,code.NCD_DIABTS,3.7
2014,code.KG04,code.NCD_DIABTS,7.0
2015,code.KG04,code.NCD_DIABTS,4.7
2016,code.KG04,code.NCD_DIABTS,5.0
2017,code.KG04,code.NCD_DIABTS,3.9
2007,code.KG06,code.NCD_DIABTS,6.5
2008,code.KG06,code.NCD_DIABTS,5.4
2009,code.KG06,code.NCD_DIABTS,5.6
2010,code.KG06,code.NCD_DIABTS,5.2
2011,code.KG06,code.NCD_DIABTS,4.7
2012,code.KG06,code.NCD_DIABTS,4.7
2013,code.KG06,code.NCD_DIABTS,4.8
2014,code.KG06,code.NCD_DIABTS,5.1
2015,code.KG06,code.NCD_DIABTS,5.7
2016,code.KG06,code.NCD_DIABTS,5.5
2017,code.KG06,code.NCD_DIABTS,6.1
2007,code.KG07,code.NCD_DIABTS,7.6
2008,code.KG07,code.NCD_DIABTS,7.6
2009,code.KG07,code.NCD_DIABTS,10.1
2010,code.KG07,code.NCD_DIABTS,5.2
2011,code.KG07,code.NCD_DIABTS,3.0
2012,code.KG07,code.NCD_DIABTS,4.2
2013,code.KG07,code.NCD_DIABTS,6.2
2014,code.KG07,code.NCD_DIABTS,4.9
2015,code.KG07,code.NCD_DIABTS,0.8
2016,code.KG07,code.NCD_DIABTS,2.8
2017,code.KG07,code.NCD_DIABTS,3.5
2007,code.KG08,code.NCD_DIABTS,7.7
2008,code.KG08,code.NCD_DIABTS,7.9
2009,code.KG08,code.NCD_DIABTS,4.7
2010,code.KG08,code.NCD_DIABTS,5.7
2011,code.KG08,code.NCD_DIABTS,7.2
2012,code.KG08,code.NCD_DIABTS,4.8
2013,code.KG08,code.NCD_DIABTS,7.9
2014,code.KG08,code.NCD_DIABTS,9.5
2015,code.KG08,code.NCD_DIABTS,7.4
2016,code.KG08,code.NCD_DIABTS,8.6
2017,code.KG08,code.NCD_DIABTS,6.6
2007,code.KG11,code.NCD_DIABTS,4.0
2008,code.KG11,code.NCD_DIABTS,5.2
2009,code.KG11,code.NCD_DIABTS,4.6
2010,code.KG11,code.NCD_DIABTS,4.0
2011,code.KG11,code.NCD_DIABTS,4.0
2012,code.KG11,code.NCD_DIABTS,4.0
2013,code.KG11,code.NCD_DIABTS,4.9
2014,code.KG11,code.NCD_DIABTS,3.8
2015,code.KG11,code.NCD_DIABTS,3.2
2016,code.KG11,code.NCD_DIABTS,5.0
2017,code.KG11,code.NCD_DIABTS,4.3
2007,code.KG21,code.NCD_DIABTS,9.4
2008,code.KG21,code.NCD_DIABTS,11.7
2009,code.KG21,code.NCD_DIABTS,5.8
2010,code.KG21,code.NCD_DIABTS,6.2
2011,code.KG21,code.NCD_DIABTS,8.6
2012,code.KG21,code.NCD_DIABTS,5.4
2013,code.KG21,code.NCD_DIABTS,13.3
2014,code.KG21,code.NCD_DIABTS,7.8
2015,code.KG21,code.NCD_DIABTS,6.2
2016,code.KG21,code.NCD_DIABTS,9.0
2017,code.KG21,code.NCD_DIABTS,11.9
2007,,code.NCD_CRESPD,39.7
2008,,code.NCD_CRESPD,38.5
2009,,code.NCD_CRESPD,32.7
2010,,code.NCD_CRESPD,30.4
2011,,code.NCD_CRESPD,27.1
2012,,code.NCD_CRESPD,26.1
2013,,code.NCD_CRESPD,21.2
2014,,code.NCD_CRESPD,21.6
2015,,code.NCD_CRESPD,18.9
2016,,code.NCD_CRESPD,19.0
2017,,code.NCD_CRESPD,17.6
2007,code.KG05,code.NCD_CRESPD,43.2
2008,code.KG05,code.NCD_CRESPD,45.0
2009,code.KG05,code.NCD_CRESPD,36.7
2010,code.KG05,code.NCD_CRESPD,31.1
2011,code.KG05,code.NCD_CRESPD,28.3
2012,code.KG05,code.NCD_CRESPD,15.0
2013,code.KG05,code.NCD_CRESPD,16.2
2014,code.KG05,code.NCD_CRESPD,15.6
2015,code.KG05,code.NCD_CRESPD,17.3
2016,code.KG05,code.NCD_CRESPD,16.5
2017,code.KG05,code.NCD_CRESPD,16.9
2007,code.KG03,code.NCD_CRESPD,29.6
2008,code.KG03,code.NCD_CRESPD,31.4
2009,code.KG03,code.NCD_CRESPD,27.4
2010,code.KG03,code.NCD_CRESPD,27.0
2011,code.KG03,code.NCD_CRESPD,20.4
2012,code.KG03,code.NCD_CRESPD,21.0
2013,code.KG03,code.NCD_CRESPD,17.2
2014,code.KG03,code.NCD_CRESPD,22.9
2015,code.KG03,code.NCD_CRESPD,20.4
2016,code.KG03,code.NCD_CRESPD,15.9
2017,code.KG03,code.NCD_CRESPD,16.0
2007,code.KG02,code.NCD_CRESPD,91.7
2008,code.KG02,code.NCD_CRESPD,91.4
2009,code.KG02,code.NCD_CRESPD,73.3
2010,code.KG02,code.NCD_CRESPD,70.2
2011,code.KG02,code.NCD_CRESPD,63.0
2012,code.KG02,code.NCD_CRESPD,67.7
2013,code.KG02,code.NCD_CRESPD,51.5
2014,code.KG02,code.NCD_CRESPD,46.2
2015,code.KG02,code.NCD_CRESPD,40.9
2016,code.KG02,code.NCD_CRESPD,45.8
2017,code.KG02,code.NCD_CRESPD,43.8
2007,code.KG04,code.NCD_CRESPD,105.8
2008,code.KG04,code.NCD_CRESPD,101.9
2009,code.KG04,code.NCD_CRESPD,88.7
2010,code.KG04,code.NCD_CRESPD,83.6
2011,code.KG04,code.NCD_CRESPD,78.5
2012,code.KG04,code.NCD_CRESPD,88.9
2013,code.KG04,code.NCD_CRESPD,82.3
2014,code.KG04,code.NCD_CRESPD,75.5
2015,code.KG04,code.NCD_CRESPD,63.4
2016,code.KG04,code.NCD_CRESPD,61.9
2017,code.KG04,code.NCD_CRESPD,47.4
2007,code.KG06,code.NCD_CRESPD,39.5
2008,code.KG06,code.NCD_CRESPD,40.1
2009,code.KG06,code.NCD_CRESPD,36.4
2010,code.KG06,code.NCD_CRESPD,35.1
2011,code.KG06,code.NCD_CRESPD,29.3
2012,code.KG06,code.NCD_CRESPD,25.7
2013,code.KG06,code.NCD_CRESPD,20.8
2014,code.KG06,code.NCD_CRESPD,22.2
2015,code.KG06,code.NCD_CRESPD,17.9
2016,code.KG06,code.NCD_CRESPD,20.3
2017,code.KG06,code.NCD_CRESPD,17.2
2007,code.KG07,code.NCD_CRESPD,26.0
2008,code.KG07,code.NCD_CRESPD,20.4
2009,code.KG07,code.NCD_CRESPD,17.1
2010,code.KG07,code.NCD_CRESPD,15.2
2011,code.KG07,code.NCD_CRESPD,17.6
2012,code.KG07,code.NCD_CRESPD,29.1
2013,code.KG07,code.NCD_CRESPD,14.5
2014,code.KG07,code.NCD_CRESPD,17.5
2015,code.KG07,code.NCD_CRESPD,14.4
2016,code.KG07,code.NCD_CRESPD,13.8
2017,code.KG07,code.NCD_CRESPD,12.1
2007,code.KG08,code.NCD_CRESPD,38.0
2008,code.KG08,code.NCD_CRESPD,32.8
2009,code.KG08,code.NCD_CRESPD,24.7
2010,code.KG08,code.NCD_CRESPD,21.7
2011,code.KG08,code.NCD_CRESPD,24.3
2012,code.KG08,code.NCD_CRESPD,19.1
2013,code.KG08,code.NCD_CRESPD,16.9
2014,code.KG08,code.NCD_CRESPD,13.5
2015,code.KG08,code.NCD_CRESPD,12.7
2016,code.KG08,code.NCD_CRESPD,14.2
2017,code.KG08,code.NCD_CRESPD,14.7
2007,code.KG11,code.NCD_CRESPD,12.0
2008,code.KG11,code.NCD_CRESPD,9.2
2009,code.KG11,code.NCD_CRESPD,8.7
2010,code.KG11,code.NCD_CRESPD,7.6
2011,code.KG11,code.NCD_CRESPD,6.8
2012,code.KG11,code.NCD_CRESPD,7.0
2013,code.KG11,code.NCD_CRESPD,4.9
2014,code.KG11,code.NCD_CRESPD,6.5
2015,code.KG11,code.NCD_CRESPD,5.2
2016,code.KG11,code.NCD_CRESPD,4.8
2017,code.KG11,code.NCD_CRESPD,4.3
2007,code.KG21,code.NCD_CRESPD,23.8
2008,code.KG21,code.NCD_CRESPD,23.3
2009,code.KG21,code.NCD_CRESPD,22.0
2010,code.KG21,code.NCD_CRESPD,17.1
2011,code.KG21,code.NCD_CRESPD,12.9
2012,code.KG21,code.NCD_CRESPD,15.1
2013,code.KG21,code.NCD_CRESPD,8.4
2014,code.KG21,code.NCD_CRESPD,10.1
2015,code.KG21,code.NCD_CRESPD,9.9
2016,code.KG21,code.NCD_CRESPD,11.1
2017,code.KG21,code.NCD_CRESPD,13.0
