Year,Series,Value
2012,CL_SERIES.IT_MOB_2GNTWK,97.5
2013,CL_SERIES.IT_MOB_2GNTWK,97.6
2014,CL_SERIES.IT_MOB_2GNTWK,97.7
2015,CL_SERIES.IT_MOB_2GNTWK,97.8
2016,CL_SERIES.IT_MOB_2GNTWK,99.0
2017,CL_SERIES.IT_MOB_2GNTWK,99.1
2018,CL_SERIES.IT_MOB_2GNTWK,99.2
2012,CL_SERIES.IT_MOB_3GNTWK,46.3
2013,CL_SERIES.IT_MOB_3GNTWK,51.0
2014,CL_SERIES.IT_MOB_3GNTWK,57.0
2015,CL_SERIES.IT_MOB_3GNTWK,59.0
2016,CL_SERIES.IT_MOB_3GNTWK,60.0
2017,CL_SERIES.IT_MOB_3GNTWK,75.0
2018,CL_SERIES.IT_MOB_3GNTWK,88.0
2014,CL_SERIES.IT_MOB_4GNTWK,0.5
2015,CL_SERIES.IT_MOB_4GNTWK,1.6
2016,CL_SERIES.IT_MOB_4GNTWK,40.0
2017,CL_SERIES.IT_MOB_4GNTWK,50.0
2018,CL_SERIES.IT_MOB_4GNTWK,70.0
